SMILES,Check AD,Class,Probability
CC(C)=CCCC(C)(O)C1CC(O)C(C)=CC1=O,True,Sweet,0.5930498843291271
COC(=O)c1cc(NS(=O)(=O)O)cc(C(=O)OC)c1,True,Sweet,0.804801707502532
C=C1C(=O)OC2C=C(C)C(O)CCC(C)=CC(O)C12,True,Bitter,0.9961546664625027
O=C(O)CNC(=Nc1ccccc1)NS(=O)(=O)c1ccccc1,True,Sweet,0.6171453857714051
O=C1NC(Cc2ccc(O)cc2)C(=O)N2CCCC12,True,Bitter,0.9972305695138242
OC[C@H]1O[C@@H](Oc2ccccc2)[C@H](O)[C@@H](O)[C@H]1O,True,Bitter,0.8450059348281412
CN(C)C(=O)Oc1ccc[n+](C)c1,True,Bitter,0.9863378761812835
C=C1C[C@@]23CC[C@H]4[C@@](C)(CCC[C@@]4(C)C(=O)O)[C@@H]2CC[C@]1(O[C@@H]1O[C@H](CO)[C@@H](O)[C@H](O[C@@H]2O[C@H](CO)[C@@H](O)[C@H](O)[C@H]2O)[C@H]1O[C@@H]1O[C@H](CO)[C@@H](O)[C@H](O)[C@H]1O)C3,True,Sweet,0.970116431423707
N#Cc1ccc(Br)c(N)c1,True,Bitter,0.9605486652843553
O=C(OC1Cc2c(O)cc(O)cc2OC1c1cc(O)c(O)c(O)c1)c1cc(O)c(O)c(O)c1,True,Bitter,0.9959556629272343
Cn1nnnc1NC(=Nc1ccc(C#N)cc1)NC1CCCCC1,True,Bitter,0.9939844866624823
CC1=CC2C3C4C(=C(C)C3C13C1OC(=O)C(C)C1CCC(C)(O)C23)C1OC(=O)C(C)C1CCC4(C)O,True,Bitter,0.9945818143125744
CC(NC(=Nc1ccc2ccccc2c1)NCC(=O)O)c1ccccc1,True,Sweet,0.8800577557309235
CCOC(=O)c1cccc(NS(=O)(=O)O)c1,True,Sweet,0.5203701238221611
CC(Cc1ccc2OCOc2c1)NC(=O)C(N)CC(=O)O,True,Sweet,0.6980866246824509
NC(Cc1ccccc1)C(=O)NCC(=O)NC(Cc1ccccc1)C(=O)NCC(=O)O,True,Bitter,0.6987845526121934
CC1OC(OC2CC(O)C3(CO)C4C(O)CC5(C)C(C6=CC(=O)OC6)CCC5(O)C4CCC3(O)C2)C(O)C(O)C1O,True,Bitter,0.9917277426755775
CC1=CCC(C(=O)O)(S(=O)(=O)c2ccccc2)CC1,True,Bitter,0.9803076037063774
C=C1C(=O)OC2C1CCC1(C)C(O)CC(=O)C(C)C21,True,Bitter,0.9986070170466086
CCOC(=O)OC(=O)C(NC(=O)C(N)CC(=O)O)C(=O)OC,True,Sweet,0.9721705701800174
OC1C(CCl)OC(OC2(CCl)OC(CCl)C(O)C2O)C(Cl)C1O,True,Sweet,0.9920705461585724
O=C(C=Cc1ccc(O)c(O)c1)OC1CC2(O)CC(O)C1OC2=O,True,Bitter,0.96852876132067
COC(=O)C(Cc1ccccc1)NC(=O)C(CC(=O)O)NC(=NC#N)Nc1ccc(C#N)cc1,True,Sweet,0.7923146829248425
N#Cc1ccc(N=C(NCC(=O)O)NC(c2ccccc2)c2ccco2)cn1,True,Sweet,0.8027191048750428
NC(CCC(=O)NC(Cc1ccc(O)cc1)C(=O)O)C(=O)O,True,Bitter,0.8987888618118922
OCC1(O)OC[C@@H](O)[C@@H](O)[C@@H]1O,True,Sweet,0.9962662932390778
COc1ccc(CCC(=O)c2c(O)cc(O)c(C(=O)O)c2O)cc1O,True,Sweet,0.5163693504042524
CC(=O)OCC1OC(OCC2OC(OC3(COC(C)=O)OC(COC(C)=O)C(OC(C)=O)C3OC(C)=O)C(OC(C)=O)C(OC(C)=O)C2OC(C)=O)C(OC(C)=O)C(OC(C)=O)C1OC(C)=O,True,Bitter,0.992010889263186
COC(=O)C(Cc1ccccc1)NC(=O)[C@@H](N)CC(=O)O,True,Sweet,0.9976655254537061
Cc1ccc(S(=O)(=O)C(C(=O)O)C(C)C)cc1,True,Bitter,0.7830330998013024
CC(C)c1ccc(NS(=O)(=O)O)cc1,True,Sweet,0.5709904820707483
COc1cc(O)c2CC(C(C)(C)O)Oc2c1C(=O)C=Cc1ccc(O)cc1,True,Bitter,0.9990727221861576
C=C1C(=O)OC2C1CCC(C)=CCCC1(C)OC21,True,Bitter,0.9881211079066784
CC1OC(OC2C(OC3CCC4(C)C(=CCC5C4CCC4(C)C5CC5OC6(CCC(C)(COC7OC(CO)C(O)C(O)C7O)O6)C(C)C54)C3)OC(CO)C(OC3OC(CO)C(O)C(O)C3O)C2O)C(O)C(O)C1O,True,Bitter,0.9439548014769754
O=C1CNC(=O)C(Cc2ccccc2)N1,True,Bitter,0.992808025885589
C=C1C(=O)OC2C=C(C)CCC=C(C)CCC12,True,Bitter,0.9765134030915097
C=CC(O)C(O)C=C,True,Sweet,0.8597918358196293
N#Cc1ccc(NC(=O)NC(CC(=O)O)c2cccnc2)cn1,True,Bitter,0.9914475405494096
O=C(O[C@H]1Cc2c(O)cc(O)c([C@H]3c4c(O)cc(O)cc4O[C@H](c4ccc(O)c(O)c4)[C@@H]3O)c2O[C@@H]1c1ccc(O)c(O)c1)c1cc(O)c(O)c(O)c1,True,Bitter,0.9949063299548379
CC(C)=CCC1C(=O)C(C(=O)C(C)C)=C(O)C1(O)C(=O)C=CC(C)(C)O,True,Bitter,0.9970923488048815
CCC(C)C(=O)OC(C)C1(O)CCC2(O)C3CCC4CC(OC5CC(O)C(OC6CC(OC)C(OC7CC(OC)C(OC8CC(OC)C(OC9OC(C)C(O)C(OC)C9O)C(C)O8)C(C)O7)C(C)O6)C(C)O5)CCC4(C)C3CC(OC(C)=O)C12C,True,Bitter,0.5667666026761374
CCCCC(C)NC(=Nc1cc(Cl)cc(Cl)c1)NCC(=O)O,True,Sweet,0.6210427080208747
O=C(O)CNC(=Nc1cccc(Cl)c1)NS(=O)(=O)c1ccccc1,True,Sweet,0.5058934282394559
OC[C@H]1O[C@@](CO)(O[C@H]2O[C@H](CO[C@H]3O[C@H](CO)[C@H](O)[C@H](O)[C@H]3O)[C@@H](O)[C@H](O)[C@H]2O)[C@@H](O)[C@@H]1O,True,Sweet,0.99453683657111
CC1=C(C)[C@H]2C3=CC[C@@H]4[C@@]5(C)C[C@@H](O)[C@@H](O)C(C)(C)[C@@H]5CC[C@@]4(C)[C@]3(C)CC[C@@]2(C(=O)O[C@@H]2O[C@H](CO)[C@@H](O)[C@H](O)[C@H]2O)CC1,True,Sweet,0.9913072982003197
CCNc1ccccc1NS(=O)(=O)O,True,Bitter,0.5709710788839096
O=C1NC(Cc2ccccc2)C(=O)NC1CO,True,Bitter,0.9982353576307343
NC(=O)c1ccc(NC(=O)NC(CC(=O)O)c2cccc(O)c2)cc1,True,Bitter,0.9825505790520426
ClC(Cl)C(Cl)Cl,False,Sweet,0.6232176622856059
CCCCCCCCC=CCCCCCCCC(=O)OCC(O)CO,True,Bitter,0.9966659987275819
CC1OC(OC2(CO)OC(CO)C(O)C2O)C(O)C(O)C1O,True,Sweet,0.9938180781215702
O=C(O)CNC(=Nc1cc(Cl)cc(Cl)c1)NC1CCCCCCC1,True,Sweet,0.5870511909348849
Oc1cc(O)c2CC(O)C(c3cc(O)c(O)c(O)c3)Oc2c1,True,Bitter,0.9726736341590734
CC1CC2CC(=O)C3CCCN4CCCC2C34C1,True,Bitter,0.9991689627354154
CC(CCC(OC1OC(COC2OC(CO)C(O)C(O)C2O)C(O)C(O)C1OC1OC(CO)C(O)C(O)C1O)C(C)(C)O)C1CCC2(C)C3CC=C4C(CCC(OC5OC(COC6OC(CO)C(O)C(O)C6O)C(O)C(O)C5O)C4(C)C)C3(C)C(O)CC12C,True,Sweet,0.9778703513724625
CSCC[C@@H](N)C(=O)O,True,Sweet,0.8745931747623965
O=S(=O)(O)NC1CCCCCC1,True,Sweet,0.7134821459813951
CON=C(C)C1CC=C(C=NO)CC1,True,Bitter,0.9451092458254126
N#Cc1ccc(NC(=NC2CCCCCCC2)NCc2nnn[nH]2)cc1,True,Bitter,0.5162216217340954
CCCC(C)CNS(=O)(=O)O,True,Sweet,0.6294471736010623
COC(=O)C(NC(=O)C(N)CC(=O)O)C(=O)OC1CCC(C)CC1,True,Sweet,0.9969972694615821
OCC1OC(CO)(OC2OC(COCc3ccccc3)C(O)C(O)C2O)C(O)C1O,True,Sweet,0.7172173690855297
CC(C)=CCC1C(=O)C(C(=O)CC(C)C)=C(O)C1(O)C(=O)C=CC(C)(C)O,True,Bitter,0.9971238423045014
CC(CSC(=O)C(C)NC(=O)C1CCCCC1)C(=O)N1CCCC1C(=O)O,True,Bitter,0.975252924485581
CC1(C)[C@@H](O[C@@H]2O[C@H](C(=O)O)[C@@H](O)[C@H](O)[C@H]2O[C@@H]2O[C@H](C(=O)O)[C@@H](O)[C@H](O)[C@H]2O)CC[C@@]2(C)[C@H]1CC[C@]1(C)[C@@H]2C(=O)C=C2[C@@H]3C[C@@](C)(C(=O)O)CC[C@]3(C)CC[C@]21C,True,Sweet,0.9939882631574799
C=CC1C2=CCOC(=O)C2=COC1OC1OC(CO)C(O)C(O)C1O,True,Bitter,0.9889198189314131
[Be+2].[Cl-].[Cl-],True,Bitter,0.9995616270712866
COc1ccc(C#N)cc1N,True,Bitter,0.5041823028274488
CC(=O)OC1CC2C(C=C(C)CCC=C1C)OC(=O)C2C,True,Bitter,0.9688424511834914
CC(NC(=Nc1cc(Cl)cc(Cl)c1)NCC(=O)O)c1ccccc1,True,Sweet,0.8046277584523651
C=C1CC23CCC4C(C)(C(=O)OC5OC(COC6OC(CO)C(O)C(O)C6O)C(O)C(O)C5O)CCCC4(C)C2CCC1(OC1OC(CO)C(O)C(O)C1OC1OC(CO)C(O)C(O)C1O)C3,True,Sweet,0.9882525460092384
NC(=O)CC1NC(=O)C(Cc2ccccc2)NC1=O,True,Bitter,0.9919040883269308
CCOC(=O)N1CCC(NS(=O)(=O)O)CC1,True,Bitter,0.8421469879014998
O=S(=O)(CCl)NCc1ccccc1,True,Bitter,0.6009490273534462
OC1OC[C@@H](O)[C@@H](O)[C@H]1O,True,Sweet,0.9967330651798012
O=S(=O)(O)Nc1ccc(Br)cc1Cl,True,Bitter,0.5799559683123195
NC1(C(=O)O)CCC1,True,Sweet,0.9329063312743815
CC(=O)Nc1ccccc1C(=O)CC(N)C(=O)O,True,Bitter,0.8519190443955772
O=Cc1ccc2COC3(CC(O)C(O)CO3)Cn12,True,Bitter,0.9945777690771045
COc1ccc(C2SCc3c(O)cccc3S2)cc1O,True,Sweet,0.9980469258842002
O=C(O)CC1NC(=O)C(Cc2ccccc2)NC1=O,True,Bitter,0.8873942439101599
CCC(C)C1NC(=O)C(C)NC1=O,True,Bitter,0.9951276536859615
CCN1CC2(COC)C(O)CC(OC)C34C5CC6(O)C(O)C5C(O)(C(O)C6OC)C(C(OC)C23)C14,True,Bitter,0.9984298119006343
CCc1ccc(C)nc1NS(=O)(=O)O,True,Bitter,0.9740062297057992
CCC(N)C(=O)O,True,Sweet,0.9112926879950154
O=[N+]([O-])c1ccc2nc(NS(=O)(=O)O)sc2c1,True,Bitter,0.9820202414498946
COc1cc(C=CC(=O)Nc2ccc(O)cc2C(=O)O)ccc1O,True,Bitter,0.9871090854040833
COC(=O)C(Cc1ccccc1)NC(=O)C(CC(=O)O)NC(=O)C(C)N,True,Sweet,0.8749241150962559
O=Cc1ccc2COC3(CC(O)C(CO)O3)Cn12,True,Bitter,0.994408963942228
CCC(C)C(=O)C1=C(O)C(O)(C(=O)C=CC(C)(C)O)C(CC=C(C)C)C1=O,True,Bitter,0.9980001364417155
CC1C(=O)C23CC1CC(O)C2C12COC=C1C(C)(C)CCC2OC3=O,True,Bitter,0.9992009838837174
O=S(=O)(O)NC1CCCSCCC1,True,Sweet,0.5346132658432876
CC(C)=CCC12CC3C(CC(C(C)(C)OO)C3(C)C)(C1=O)C(O)=C(C(=O)CC(C)C)C2=O,True,Bitter,0.9996901667178149
N#Cc1cccc(N)c1,True,Bitter,0.9439010785492994
OCC1OC(OC2(CBr)OC(CBr)C(O)C2O)C(O)C(O)C1Cl,True,Sweet,0.9790156057887083
OCC1OC(O[C@]2(CCl)OC(CO)C(O)C2O)C(O)C(O)C1O,True,Sweet,0.9989182602757158
CCC(C)C(=O)C1=C(O)C23CC(C(C)(C)OO)C(C)(C)C2CC(CC=C(C)C)(C1=O)C3=O,True,Bitter,0.9995458435065928
CCCCc1csc(NS(=O)(=O)O)n1,True,Bitter,0.8406089512688251
CC(CCC(=O)O)C1CCC2C3C(O)CC4CC(O)CCC4(C)C3CCC12C,True,Bitter,0.9426729561922704
CC(C)CC(C)NC(=O)C(N)CC(=O)O,True,Sweet,0.9879536990915216
CC(C)=CCC1C(=O)C(C(=O)C(C)C)=C(O)C1(O)C(=O)C=CC(C)C,True,Bitter,0.9988286364223316
O=S(=O)(O)Nc1cccc(F)c1,True,Bitter,0.6995979877234522
C=C1C[C@@]23CC[C@H]4[C@@](C)(CCC[C@@]4(C)C(=O)O[C@@H]4O[C@H](CO)[C@@H](O)[C@H](O)[C@H]4O[C@@H]4O[C@H](CO)[C@@H](O)[C@H](O)[C@H]4O)[C@@H]2CC[C@]1(O[C@@H]1O[C@H](CO)[C@@H](O)[C@H](O)[C@H]1O[C@@H]1O[C@H](CO)[C@@H](O)[C@H](O)[C@H]1O)C3,True,Sweet,0.9852122485903765
Oc1cc2c(cc1O)C1c3ccc(O)c(O)c3OCC1(O)O2,True,Sweet,0.8242217591150743
C[C@H](NC(=O)[C@@H](N)CC(=O)O)C(=O)NC1C(C)(C)SC1(C)C,True,Sweet,0.9793525530885918
CCC(C)C1NC(=O)C2CCCN2C1=O,True,Bitter,0.9990841754533365
O=[N+]([O-])c1ccc(S(=O)(=O)c2ccc(NS(=O)(=O)O)cc2)cc1,True,Bitter,0.8674850648277385
COc1c(O)cc2OC(c3ccc(O)c(O)c3)C(OC(C)=O)C(=O)c2c1O,True,Bitter,0.8764844570805788
C[C@H](O)[C@@H](N)C(=O)O,True,Sweet,0.9655745249972534
CC(C)c1ccccc1NS(=O)(=O)O,True,Bitter,0.7592949383035121
O=C[C@H](O)[C@@H](O)[C@H](O)CO,True,Sweet,0.996490683011088
CC1=CCC(C=NO)=CC1,True,Bitter,0.8626743500824239
CC1=CC=CCC1,False,Sweet,0.7200503332952037
CC(C)C(N)C(=O)O,True,Bitter,0.7597841163645592
CCC1(C2=CCCCC2)C(=O)NC(=O)N=C1O,True,Bitter,0.9957477739815637
OCC1OC(O[C@H]2OC(CO)C(O)C(O)C2O)C(O)C(O)C1O,True,Sweet,0.9976921762949287
OCC1(OC2OC(CCl)C(Cl)C(O)C2O)OC(CCl)C(O)C1O,True,Sweet,0.9981159776865312
Oc1ccc(C2Oc3c(CC2O)c(O)cc(O)c3C2c3c(O)cc4OC5(c6ccc(O)cc6)Oc6cc(O)cc(O)c6C(c4c3OC(c3ccc(O)cc3)C2O)C5O)cc1,True,Sweet,0.9152065555927202
C=CC(O)CC(=NOS(=O)(=O)O)SC1OC(CO)C(O)C(O)C1O,True,Bitter,0.9444560936698534
OCC1OC(OC2C(O)OC(CO)C(O)C2O)C(O)C(O)C1O,True,Sweet,0.9981833484409264
CC(C)CCCCCCCC=CC(=O)O,True,Bitter,0.8223372496931632
NC(CC(=O)O)C(=O)NCCOc1ccccc1,True,Sweet,0.9947304846854168
N#Cc1ccc(N=C(NCC(=O)O)NC2CCCCCCC2)cn1,True,Sweet,0.9423000326803868
COc1cc(O)c(CCC(C)(C)O)c(O)c1C(=O)C=Cc1ccc(O)cc1,True,Bitter,0.9983363063762247
C=C1C[C@@]23CC[C@H]4[C@@](C)(CCC[C@@]4(C)C(=O)O[C@@H]4O[C@H](CO)[C@@H](O)[C@H](O)[C@H]4O)[C@@H]2CC[C@]1(O[C@@H]1O[C@H](CO)[C@@H](O)[C@H](O[C@@H]2O[C@H](CO)[C@@H](O)[C@H](O)[C@H]2O)[C@H]1O[C@@H]1O[C@H](CO)[C@@H](O)[C@H](O)[C@H]1O)C3,True,Sweet,0.990485024816772
CC(C)C(=O)C1=C(O)C2(O)C(CC3C(C)(C)C(C(C)(C)O)CC32O)C1=O,True,Bitter,0.9989900206070714
O=S(=O)(O)NC1CCCC1,True,Sweet,0.855062518869635
CC1CC=C(C=NO)CC1,True,Bitter,0.8042687619922609
CC1(C(=O)O)CCCC2(C)c3ccccc3C(C(=O)O)C12,True,Bitter,0.9019892221638283
OCC1OC(Oc2ccccc2)C(O)C(O)C1O,True,Bitter,0.8450059348281412
CC1=CCOCC1,True,Bitter,0.72703250158956
CCCOC(=O)C(CO)NC(=O)C(N)CC(=O)O,True,Sweet,0.9979866605892449
C=C(C)C1CCC2(C)C(CC(OC3OCC(O)C(O)C3O)C3C(C(C)(O)CC=CC(C)(C)O)CCC32C)C1(C)CCC(=O)O,True,Sweet,0.9591299287070598
CC(C)CC(NC(=O)C(C)N)C(=O)O,True,Bitter,0.544207899095249
CCCCCC(O)C(O)C=CC(O)CCCCCCCC(=O)O,True,Bitter,0.9597450555991561
CC(C)C(C(=O)O)S(=O)(=O)c1ccc(Cl)c(Cl)c1,True,Bitter,0.5245913825927886
NC(=O)c1c(Br)cc(Br)c(C=CC(=O)O)c1Br,True,Sweet,0.6654260396730296
CC(C)C(C)(C(=O)O)S(=O)(=O)c1ccccc1,True,Bitter,0.6796349965788073
CC(NC(=O)C(N)CC(=O)O)C(=O)NC(C)(C)C1CC1,True,Sweet,0.9927468511826749
COc1cc(OC)c(OC)cc1C=O,True,Bitter,0.8729479316873775
CC=C(C)C=NO,True,Bitter,0.9805715213588002
C=C1C2CCC3C45COC(O)(C(O)C4C(C)(C)C=CC5=O)C3(C2)C1OC(C)=O,True,Bitter,0.9983112793550615
N#Cc1ccc(NC(=O)NC(CC(=O)O)c2cnc3ccccc3c2)cc1,True,Bitter,0.9778749777888309
CC1CCC2C(C)C3C(CC4C5CC=C6CC(OC7OC(CO)C(OC8OC(C)C(O)C(O)C8O)C(O)C7OC7OC(C)C(O)C(O)C7O)CCC6(C)C5CCC43C)N2C1,True,Bitter,0.9974536522507741
CC1C(=O)C23C(O)C1CCC2C12COC3(O)C(O)C1C(C)(C)CCC2=O,True,Bitter,0.9982308674907875
CCCCCc1csc(NS(=O)(=O)O)n1,True,Bitter,0.7971130928916194
CCC(C)C(=O)C1=C(O)C(O)(C(=O)C=CC(C)C)C(CC=C(C)C)C1=O,True,Bitter,0.9989449436995392
CC1=CCC(C(=O)O)(S(=O)(=O)c2ccccc2)C(C)C1,True,Bitter,0.985849890310192
OCC(O)[C@@H](O)[C@H](O)[C@H](O)CO[C@H]1O[C@H](CO)[C@@H](O)[C@H](O)[C@H]1O,True,Sweet,0.9970339169533688
OC1OC[C@H](O)[C@H](O)[C@H]1O,True,Sweet,0.9967330651798012
ON=CC1=CCC=CC1,True,Bitter,0.9341363242475126
CCOc1ccccc1NS(=O)(=O)O,True,Sweet,0.6073793328116389
OCC1OC(OCC2OC(O[C@]3(CO)OC(CO)C(O)C3O)C(O)C(O)C2O)C(O)C(O)C1O,True,Sweet,0.99453683657111
Oc1cc(O)c2c(c1)O[C@H](c1ccc(O)c(O)c1)[C@@H](O)[C@@H]2c1c(O)cc(O)c2c1O[C@H](c1ccc(O)c(O)c1)[C@@H](O)[C@@H]2c1c(O)cc(O)c2c1O[C@H](c1ccc(O)c(O)c1)[C@@H](O)C2,True,Bitter,0.977054713303775
OC[C@]1(O)OC[C@@H](O)[C@H](O)[C@@H]1O,True,Sweet,0.9962662932390778
O=S(=O)(O)Nc1ccccc1Cc1ccccc1,True,Bitter,0.6527390878605117
CC1(C)CCC2(C(=O)OC3OC(CO)C(O)C(O)C3O)CCC3(C)C(=CCC4C5(C)CCC(OC6OC(C(=O)O)C(O)C(OC7OCC(O)C(O)C7O)C6O)C(C)(C)C5CCC43C)C2C1,True,Bitter,0.7420055664384306
N#Cc1ccc(N=C(NCC(=O)O)NS(=O)(=O)C2CCCCC2)cc1,True,Bitter,0.5923934653693803
O=[N+]([O-])c1cc(F)ccc1NS(=O)(=O)O,True,Bitter,0.8123958160817726
CC1(C)OC(=O)C=CC2(C)C1CC(=O)C1(C)C2CCC2(C)C(c3cocc3)OC(=O)C3OC321,True,Bitter,0.9982840434509324
COCC1CC=C(C=NO)C1,True,Bitter,0.9807927960090036
C=C1C[C@@]23CCC4[C@@](C)(CCC[C@@]4(C)C(=O)OC4OC(CO)C(O)C(O)C4O)C2CC[C@@]1(OC1OC(CO)C(O)C(O)C1OC1OC(C)C(O)C(O)C1O)C3,True,Sweet,0.9933063104812585
OCC1OC(OC2C(CO)OC(CO)(OC3OC(CO)C(O)C(O)C3O)C2O)C(O)C(O)C1O,True,Sweet,0.9935451900777006
CCc1cccc(NS(=O)(=O)O)n1,True,Bitter,0.9488751705756677
COCC1CC=C(C=NO)CC1,True,Bitter,0.9254763930165899
Cc1cccc(C)c1NC(=O)C[N+](C)(C)CCCCCCl,True,Bitter,0.997787272367411
CCSc1nnc(NS(=O)(=O)O)s1,False,Bitter,0.8795974169876747
O=C1C(=Cc2ccco2)C(CO)[n+]2cc([O-])c(Cc3ccco3)c(CO)c12,True,Bitter,0.9994782225010024
CC(C)CC(=O)c1c(O)c(C2OC(CO)C(O)C(O)C2O)c(O)c(C2OC(CO)C(O)C(O)C2O)c1O,True,Bitter,0.9905806014772056
N#Cc1ccc(NC(=O)NC(CC(=O)O)c2ccncc2)cc1,True,Bitter,0.9946611216495109
OC[C@H]1O[C@H](OC[C@H]2OC(O)(CO)[C@@H](O)[C@@H]2O)[C@H](O)[C@@H](O)[C@@H]1O,True,Sweet,0.9943075339637195
COc1ccc(C2CC(=O)c3c(O)cc(OC4OC(CO)C(O)C(O)C4OC4OC(C)C(O)C(O)C4O)cc3O2)cc1O,True,Bitter,0.9886763378804151
CCCC(NC(=O)C(N)CC(=O)O)C(=O)OC,True,Sweet,0.9988857997562193
CCC(C)C(=O)OC(C)C1(O)CCC2(O)C3CCC4CC(OC5CC(O)C(OC6CC(OC)C(OC7CC(OC)C(OC8CC(OC)C(OC9CC(OC)C(OC%10OC(CO)C(O)C(O)C%10O)C(C)O9)C(C)O8)C(C)O7)C(C)O6)C(C)O5)CCC4(C)C3CC(OC(C)=O)C12C,True,Sweet,0.767377201106623
CC(=O)C1OC(OC2(CO)OC(CO)C(O)C2O)C(O)C(O)C1O,True,Sweet,0.5841838424298352
O=C(O)CNC(=Nc1cc(Cl)cc(Cl)c1)NCC1CCCCC1,True,Sweet,0.6196425501478442
CC(CCC1(O)OC2CC3C4CCC5CC(OC6OC(CO)C(OC7OC(C)C(O)C(O)C7O)C(O)C6O)CCC5(C)C4CCC3(C)C2C1C)COC1OC(CO)C(O)C(O)C1O,True,Bitter,0.9923376995762248
CC1(C(=O)O)CCCC2c3ccccc3C(C(=O)O)C21,True,Bitter,0.9685112902912936
CC(CCC(OC1OC(COC2OC(CO)C(O)C(O)C2O)C(O)C(O)C1OC1OC(CO)C(O)C(O)C1O)C(C)(C)O)C1CCC2(C)C3CC=C4C(CCC(OC5OC(CO)C(OC6OC(CO)C(O)C(O)C6O)C(O)C5O)C4(C)C)C3(C)C(O)CC12C,True,Sweet,0.9799679752066908
C=C1C(=O)OC2C1CCC(C)C1(O)C=CC(=O)C21C,True,Bitter,0.9990163941119918
CC(=O)OC1CC(=O)OC(C)(C)C2CC(=O)C3(C)C(CCC4(C)C(c5cocc5)OC(=O)C5OC543)C12C,True,Bitter,0.9989919313610407
CCCCCCCCCCCCCc1nnc(NS(=O)(=O)O)s1,True,Bitter,0.846427222939155
CC(C)(OCC(=O)O)C1CC=C(C=NO)CC1,True,Sweet,0.5298763096815968
CC(C)c1cc2c(c(O)c1O)C13CCCC(C)(C)C1CC2OC3=O,True,Bitter,0.999413931606257
O=P(O)(O)OCC1OC(OC2(CO)OC(CO)C(O)C2O)C(O)C(O)C1O,True,Sweet,0.7240246384233224
CC(C)[C@@H]1NC(=O)[C@H](C)NC1=O,True,Bitter,0.9960790890807778
O[C@H]1CO[C@@H](O)[C@H](O)[C@H]1O,True,Sweet,0.9967330651798012
CCC(C)C(=O)C1=C(O)C2(CC=C(C)C)CC3C(C)(C)CCC3(C1=O)C2=O,True,Bitter,0.9996505289760742
CC(C)=CCC12CC3C(C)(C)CCC3(C(=O)C(C(=O)CC(C)C)=C1O)C2=O,True,Bitter,0.9996903823250751
CC1NC(=O)C(Cc2ccccc2)NC1=O,True,Bitter,0.9958347326587211
COC(=O)C(Cc1ccccc1)NC(=O)C(CC(=O)O)NC(=N)Nc1ccc(C#N)cc1,True,Sweet,0.9112604681271852
COc1ccc(CCC(=O)c2c(O)cc(OC3OC(CO)C(O)C(O)C3O[C@H]3OC(C)C(O)C(O)C3O)cc2O)cc1O,True,Sweet,0.9282725457670684
CCOC1CC=C(C=NO)CC1,True,Bitter,0.9717179821633382
CC1NC(=O)C(Cc2ccc(O)cc2)NC1=O,True,Bitter,0.997169353431109
Cc1cccc2c1nc(NS(=O)(=O)O)s2,True,Bitter,0.8870564491138331
CC(C)C(=O)c1c(O)cc(O)cc1OC1OC(CO)C(O)C(O)C1O,True,Bitter,0.9857525592869112
CC1(C(=O)O)CCC2(C)CCC3(C)C(=CC(=O)C4C5(C)CCC(OC6OC(C(=O)O)C(O)C(O)C6OC6CC(C(=O)O)C(O)C(O)C6O)C(C)(C)C5CCC43C)C2C1,True,Sweet,0.9908241118829568
CC1CCCC(NS(=O)(=O)O)C1,True,Sweet,0.6263441646952734
COc1cc2c(CC(O)C(C)(C)O2)c(O)c1C(=O)C=Cc1ccc(O)cc1,True,Bitter,0.9985137778510631
O=[N+]([O-])c1ccc(Cl)cc1NS(=O)(=O)O,True,Bitter,0.9880169768627718
CC=C(C)C(=O)OC1CC2C(CC=C3CC(OC4CC(OC)C(OC5CC(OC)C(OC6OC(C)C(O)C(OC)C6O)C(C)O5)C(C)O4)CCC32C)C2(O)CCC(C(C)=O)C12C,True,Bitter,0.9233013010265305
CC(NC(NCC(=O)O)Nc1ccc(C#N)cc1)c1ccccc1,True,Sweet,0.9280118317571013
CC(=CCCC(C)=CCOC1OC(CO)C(O)C(OC2OC(C)C(O)C(O)C2O)C1OC1OC(C)C(O)C(O)C1O)CCC=C(C)COC1OC(CO)C(O)C(OC2OC(C)C(O)C(O)C2O)C1OC1OC(C)C(O)C(O)C1O,True,Bitter,0.7885782238483892
C=C1CC23CCC4C(C)(C(=O)OC5OC(CO)C(O)C(O)C5O)CCCC4(C)C2CCC1(OC1OC(CO)C(O)C(OC2OC(CO)C(O)C(O)C2O)C1OC1OCC(O)C(O)C1O)C3,True,Sweet,0.9891570469732842
NCCCC[C@H](N)C(=O)O,True,Sweet,0.8328314646597281
O=C(C=Cc1ccc(O)c(O)c1)Nc1ccccc1C(=O)O,True,Bitter,0.9966949898349758
N#Cc1ccc(NC(=O)NC(CC(=O)O)c2ccccc2)cc1,True,Bitter,0.9787318732001242
NC(CC(O)(Cc1c[nH]c2ccccc12)C(=O)O)C(=O)O,True,Bitter,0.8275847191500595
CC1C2CC(O)C3C(C2)(C(=O)OC2CCC(C)(C)C4C(O)OCC243)C1O,True,Bitter,0.998241778639738
N#Cc1ccc(NC(=S)NCCC(=O)O)cc1,True,Sweet,0.7177782840571295
COC(=O)[C@H](Cc1ccccc1)NC(=O)[C@H](CC(=O)O)NCCC(C)(C)C,True,Sweet,0.9360880595812637
CCC(=O)OC/C=C(\C)CCC=C(C)C,True,Sweet,0.9251788800145906
COCC1OC(OC2(CO)OC(CO)C(O)C2O)C(O)C(O)C1O,True,Sweet,0.9934676693688758
NC(=Nc1ccc([N+](=O)[O-])cc1)NCC(=O)O,True,Sweet,0.9489663312850745
CCC(C)C1NC(=O)C(Cc2ccccc2)NC1=O,True,Bitter,0.9977959383157017
CC(C)CC1NC(=O)C(Cc2ccccc2)NC1=O,True,Bitter,0.9969082704166172
NC(=O)CCC(N)C(=O)O,True,Sweet,0.958171067170861
C=C(C)C1CCC2(C)C(CC(OC3OC(C)C(O)C(O)C3O)C3C(C(C)(O)CC=CC(C)(C)O)CCC32C)C1(C)CCC(=O)O,True,Sweet,0.967830123255031
O=S(=O)(O)Nc1cccc(OC(F)(F)F)c1,True,Bitter,0.7495311395681159
C=C1C(=O)OC2C3C(CO)=CC(=O)C3=C(C)CC(O)C12,True,Bitter,0.9986113493758129
C=C(C)C(O)Cc1c(O)cc(OC)c(C(=O)C=Cc2ccc(O)cc2)c1O,True,Bitter,0.997858029010698
O=S(=O)(O)Nc1cc(Cl)cc(Cl)c1,True,Bitter,0.8401021140818006
COC(C)C1=CCC(C)=CC1,True,Sweet,0.6780555596439753
CCC(C)C(=O)C1=C(O)[C@@H](O)C(CC=C(C)C)C1=O,True,Bitter,0.9982617551096057
CC1OC(OC2C(OC3CCC4(C)C(=CCC5C4CCC4(C)C5CC5OC6(CCC(C)(COC7OC(CO)C(O)C(O)C7O)O6)C(C)C54)C3)OC(CO)C(OC3OC(CO)C(O)C(OC4OC(CO)C(O)C(O)C4O)C3O)C2O)C(O)C(O)C1O,True,Bitter,0.948425784863299
CC(C)=CCC12CC3C(CC(C(C)C)C3(C)C)(C(=O)C(C(=O)C(C)C)=C1O)C2=O,True,Bitter,0.9995387084765885
c1ncc2[nH]cnc2n1,True,Bitter,0.9939016743133511
CCC(O)CO,True,Bitter,0.5058702275349072
O=S(=O)(O)Nc1ccc(Br)cc1F,False,Sweet,0.7051901058200141
CC(=O)OC1CC2OC(=O)C34CC(CCC3C23COC(=O)C3C1(C)C)C(C)C4=O,True,Bitter,0.9970145378703617
CC1CC(C)C(=O)C(C(O)CC2CC(=O)NC(=O)C2)C1,True,Bitter,0.9817773311263689
C=C1CCC2C(C)(CO)C(O)CCC2(C)C1CC=C1C(=O)OCC1O,True,Bitter,0.9713860120097852
O=[N+]([O-])c1ccc(NS(=O)(=O)O)c(Cl)c1,True,Bitter,0.5425003427795003
C=CC1CN2CCC1CC2C(O)c1ccnc2ccccc12,True,Bitter,0.9975613703183135
CC(CC(=O)O)S(=O)(=O)c1ccc(Cl)cc1,True,Sweet,0.8945238938412807
COCC(C)(OC)C1CC=C(C)CC1,True,Bitter,0.6337923133767317
COC(=O)C(Cc1ccccc1)NC(=O)C(CC(=O)O)NC(=S)Nc1ccc(C#N)cc1,True,Sweet,0.9550605402402872
CC(Cc1ccc(NS(C)(=O)=O)cc1)NC(=O)C(N)CC(=O)O,True,Sweet,0.9026558225592041
CCCCCCCCC=CCCCCCCCC(=O)OC(CO)CO,True,Bitter,0.9917473936083417
OCC1SC(O)C(O)C(O)C1O,True,Sweet,0.9710410882705354
CCCCC(NC(=O)C(N)CC(=O)O)C(=O)OCC,True,Sweet,0.9990254564797456
CCCCCCNC(=Nc1ccc(C#N)cc1)NCC(=O)O,True,Sweet,0.8475395028482577
CCC(C)C(=O)C1=C(O)C(CC=C(C)C)=C(O)C(O)(CC=C(C)C)C1=O,True,Bitter,0.9995320521250264
O=C(O)CNC(=Nc1ccccc1)NCC1CCCCC1,True,Sweet,0.8307437420806361
NCCCCC(N)C(=O)O,True,Sweet,0.8328314646597281
COC(=O)C(CO)NC(=O)C(CC(=O)O)NC(=O)Nc1ccc(C#N)cc1,True,Sweet,0.9004975964911563
CC(C)(C)CNS(=O)(=O)O,True,Bitter,0.609963824634053
COCC1=CCC(C)=CC1,True,Bitter,0.5740532056916654
O=S(=O)(O)NN1CCC2CCCCC2C1,True,Bitter,0.8539401550721637
O=c1ccc2cc(OC3OC(CO)C(O)C(O)C3O)c(O)cc2o1,True,Bitter,0.9917317416828167
CCC(C)C1NC(=O)C(Cc2ccccc2)NC(=O)C(CC(C)C)NC(=O)C2CCCN2C(=O)C(Cc2ccccc2)NC(=O)C(C(C)C)NC(=O)C(CC(C)C)NC(=O)C(CC[S+](C)[O-])NC1=O,True,Bitter,0.9878991018546368
C=C(C)[C@@H]1CC=C(/C=N\O)CC1,True,Sweet,0.7416518809718669
N#Cc1ccc(N=C(N)NCC(=O)O)cc1,True,Sweet,0.7232207887947737
C=CC1CC=C(C=NO)CC1,True,Bitter,0.8865289245343766
C[C@H](NC(=O)[C@H](N)CC(=O)O)C(=O)NC1C(C)(C)SC1(C)C,True,Sweet,0.9793525530885918
COc1ccc(CCC(=O)c2c(O)cc(OC3OC(CO)C(O)C(O)C3OC3OC(C)C(O)C(O)C3O)cc2O)cc1,True,Sweet,0.7512229941151578
CC(NC(=Nc1cccc(C#N)c1)NCC(=O)O)c1ccccc1,True,Sweet,0.9599640153235511
CCCCOC(=O)c1ccc(NS(=O)(=O)O)cc1,True,Sweet,0.5576284748732836
CCCCCC(=O)CC(=O)NC1CCOC1=O,True,Bitter,0.9734268665980641
CCC(C)C(=O)C1=C(O)C2(CC=C(C)C)CC3C(CC(C(C)(C)O)C3(C)C)(C1=O)C2=O,True,Bitter,0.9996467352280777
COc1cc2c(CCC(C)(C)O2)c2c1C(=O)CC(c1ccc(O)cc1)O2,True,Bitter,0.9991320673612503
C=C1C(=O)OC2CC(C)=CCCC3(C)OC3C(OC(C)=O)C12,True,Bitter,0.998034844985282
CC(=O)OCc1ccc2OCOc2c1,True,Bitter,0.8681984283770304
CCC(C)C(=O)OC(C)C1(O)CCC2(O)C3CCC4CC(OC5CC(O)C(OC6CC(O)C(OC7CC(OC)C(OC8CC(OC)C(OC9OC(C)C(O)C(OC)C9O)C(C)O8)C(C)O7)C(C)O6)C(C)O5)CCC4(C)C3CC(OC(C)=O)C12C,True,Sweet,0.6383739944680845
O=S(=O)(O)N(CCN1CCOCC1)S(=O)(=O)O,False,Bitter,0.9112854111112003
N#Cc1ccc(NC(=O)NC(CC(=O)O)c2ccc([N+](=O)[O-])cc2)cc1,True,Bitter,0.9917861443292594
O=S(=O)(O)NC1CCSCC1,True,Sweet,0.5539168258253604
COc1ccnc(C[S+]([O-])c2nc3cc(OC(F)F)ccc3[nH]2)c1OC,True,Bitter,0.9504309490248423
N#Cc1ccc(NC(=O)NC(CC(=O)O)c2ccccc2[N+](=O)[O-])cc1,True,Bitter,0.993648932561646
O=C(O)CN=C(Nc1cc(Cl)cc(Cl)c1)NC(c1ccccc1)c1ccccc1,True,Sweet,0.8389219998056751
O=C(O)C1(O)CC(O)C(O)C(O)C1,True,Sweet,0.6330396452072667
ON=CC1=CCCOC1,True,Bitter,0.9774357988842713
CC(O)CNS(=O)(=O)O,True,Sweet,0.7071377564071528
CC(C)(C)OC(=O)c1ccc(NS(=O)(=O)O)cc1,True,Bitter,0.6615916577624488
CC(NC(=O)C(CC(=O)O)NC(=S)Nc1ccc(C#N)cc1)C(=O)NC(C1CC1)C1CC1,True,Bitter,0.5622072760365253
C=C1CC23CCC4C(C)(C(=O)OCCCS(=O)(=O)O)CCCC4(C)C2CCC1(OC1OC(CO)C(O)C(O)C1OC1OC(CO)C(O)C(O)C1O)C3,True,Sweet,0.9695978727462156
CC1=C2C(=CC1)C(C)(O)CCC1C(C)C(=O)OC21,True,Bitter,0.988714260722279
O=C(OCC1OC(OC2(CO)OC(CO)C(O)C2O)C(O)C(O)C1O)c1ccccc1,True,Bitter,0.9052550970524766
OCC1OC(Oc2ccc3ccccc3c2)C(O)C(O)C1O,True,Bitter,0.9209952735435432
COCC1CC=C(C)CC1,True,Bitter,0.5865195486977919
CCCC[N+](C)(CC(=O)Nc1c(C)cccc1C)Cc1ccc(Cl)cc1,True,Bitter,0.999731691823545
COc1ccc(C2OCc3c(O)cccc3S2)cc1O,True,Sweet,0.9985751704894874
C[C@H](CC[C@@H](O[C@@H]1O[C@H](CO[C@@H]2O[C@H](CO)[C@@H](O)[C@H](O)[C@H]2O)[C@@H](O)[C@H](O)[C@H]1O[C@@H]1O[C@H](CO)[C@@H](O)[C@H](O)[C@H]1O)C(C)(C)O)[C@H]1CC[C@@]2(C)[C@@H]3CC=C4[C@@H](CC[C@H](O[C@@H]5O[C@H](CO)[C@@H](O)[C@H](O)[C@H]5O)C4(C)C)[C@]3(C)[C@H](O)C[C@]12C,True,Sweet,0.9835511334650515
CC(C)CC(N)C(=O)NC(Cc1ccccc1)C(=O)O,True,Bitter,0.7714703824118238
O=C(O)[C@H]1CCCN1,True,Sweet,0.9824309623271619
C=C1CC23CCC4C(C)(C(=O)OC5OC(COC6OCC(O)C(O)C6O)C(O)C(O)C5O)CCCC4(C)C2CCC1(OC1OC(CO)C(O)C(OC2OC(CO)C(O)C(O)C2O)C1OC1OC(CO)C(O)C(O)C1O)C3,True,Sweet,0.9614872820773028
CC(NC(=O)C(N)CC(=O)O)C(=O)NC1CCCC1,True,Sweet,0.9954207004180562
OCC1OC(OC2C(O)COC(O)(CO)C2O)C(O)C(O)C1O,True,Sweet,0.9972564644778201
CC(NC(=Nc1cccc([N+](=O)[O-])c1)NCC(=O)O)c1ccccc1,True,Sweet,0.8287338467900709
COc1c(CC=C(C)C)c(O)c2CCC(C)(C)Oc2c1C(=O)C=Cc1ccc(O)cc1,True,Bitter,0.9992454383829894
CC1(C)CCC2(C(=O)O)CCC3(C)C(=CCC4C5(C)CCC(OC6OC(CO)C(O)C(O)C6O)C(C)(C)C5CCC43C)C2C1,True,Bitter,0.9090398925946688
Oc1ccc(C2Oc3c(CC2O)c(O)cc(O)c3C2c3c(O)cc4OC5(c6ccc(O)cc6)Oc6cc(O)cc(O)c6C(c4c3OC(c3ccc(O)cc3)C2O)C5O)cc1,True,Sweet,0.9152065555927202
COC(=O)C(NC(=O)C(N)CC(=O)O)C(=O)OC1C(C)CCCC1C,True,Sweet,0.9968713881912685
CC1(OC2OC(CO)C(Cl)C(O)C2O)OC(CCl)C(F)C1O,True,Sweet,0.9265039122393504
COc1cc(-c2[o+]c3cc(O)cc(O)c3cc2OC2OC(CO)C(O)C(O)C2O)cc(OC)c1O,True,Bitter,0.9795262321217391
OCC1OC(OC2C(CO)OC(OC3C(CO)OC(O)C(O)C3O)C(O)C2O)C(O)C(O)C1O,True,Sweet,0.9953481031350433
COCC1CCC=C1C=NO,True,Bitter,0.9604466221000256
OCC1OC(OC2(CBr)OC(CBr)C(O)C2O)C(O)C(O)C1O,True,Sweet,0.9709008872958942
CC(NC(=Nc1cnc2ccccc2c1)NCC(=O)O)c1ccccc1,True,Sweet,0.564426064169904
CNC(CC(C)C)C(=O)NC1C(=O)NC(CC(N)=O)C(=O)NC2C(=O)NC3C(=O)NC(C(=O)NC(C(=O)O)c4cc(O)cc(O)c4-c4cc3ccc4O)C(O)c3ccc(Oc4cc2cc(c4OC2OC(CO)C(O)C(O)C2OC2CC(C)(N)C(O)C(C)O2)Oc2ccc(cc2Cl)C1O)c(Cl)c3,True,Bitter,0.9928967869090772
COC(=O)/C=C\c1ccc(O)cc1,True,Bitter,0.7689156899810287
O=S(=O)(O)Nc1ccccc1,True,Sweet,0.8101517205766983
COCC1(OC2OC(CO)C(O)C(O)C2O)OC(CO)C(O)C1O,True,Sweet,0.9947478534408467
CCCCCC=CCC=CCCCCCCCC(O)CC(O)COC(C)=O,True,Bitter,0.9969330535146219
C=C1CC23CCC4C(C)(C(=O)OC5OC(CO)C(O)C(OC6OC(CO)C(O)C(O)C6O)C5O)CCCC4(C)C2CCC1(OC1OC(CO)C(O)C(OC2OC(CO)C(O)C(O)C2O)C1OC1OC(CO)C(O)C(O)C1O)C3,True,Sweet,0.9544290866993352
Cc1cc(NS(=O)(=O)O)ccc1F,True,Sweet,0.6233377239990063
CC(NC(=Nc1cc(Cl)cc(Cl)c1)NCC(=O)O)C1CCCCC1,True,Sweet,0.610978964728121
CC(C)=CCC1C(=O)C(C(=O)C(C)C)=C(O)[C@]1(O)C(=O)/C=C/C(C)C,True,Bitter,0.9988286364223316
Cc1cccc(C)c1NC(=O)C[N+](C)(Cc1ccccc1)Cc1ccc(Cl)cc1,True,Bitter,0.9971263642233945
CCCC1CC(C(=O)NC(C(C)Cl)C2OC(SC)C(O)C(O)C2O)N(C)C1,True,Bitter,0.9979042294031318
CC(NC(=O)C(CC(=O)O)NC(=S)Nc1ccc(C#N)cc1)c1ccccc1,True,Sweet,0.5687107427614637
C=C1C(=O)OC2C1CCC(C)=C1C(=O)C=C(COS(=O)(=O)O)C12,True,Bitter,0.8664319694407698
CC=NO,True,Bitter,0.9866689748450632
CC(C)(O)C=CC(=O)C(C)(O)C1C(O)CC2(C)C3CC=C4C(C=C(O)C(=O)C4(C)C)C3(C)C(=O)CC12C,True,Bitter,0.9990858774024672
OC[C@H]1O[C@](O)(CO)[C@@H](O)[C@@H]1O[C@@H]1O[C@H](CO)[C@H](O)[C@H](O)[C@H]1O,True,Sweet,0.9983754894535313
Cc1cc([N+](=O)[O-])ccc1NS(=O)(=O)O,True,Sweet,0.5139820580449869
COC(C)C1=CC=C(C=NO)CC1,True,Bitter,0.9742295975145092
O=C(CCc1ccc(O)c(O)c1)NCCCCN(CCCNC(=O)CCc1ccc(O)c(O)c1)C(=O)CCc1ccc(O)c(O)c1,True,Bitter,0.9955829445221918
CS(=O)(=O)NC(=Nc1ccc(C#N)cc1)NCC(=O)O,True,Bitter,0.5997818701007877
CCCCC(C)NC(=Nc1ccc(C#N)cc1)NCC(=O)O,True,Sweet,0.8190986681606881
CSCCNS(=O)(=O)O,True,Sweet,0.500477388136289
NC(CC(=O)c1ccccc1NC=O)C(=O)O,True,Bitter,0.6130430933943387
COc1cc2c(cc1OC)C(=O)C(CC1CCN(Cc3ccccc3)CC1)C2,True,Bitter,0.9988208730761732
Cc1ccc2oc(=O)ccc2c1,True,Bitter,0.894684881612976
CC(=O)OCC12C(O)CC(C)C3(CC(c4cocc4)OC3=O)C1CC(O)CC21CO1,True,Bitter,0.9993606482241209
OCc1ccccc1OC1OC(CO)C(O)C(O)C1O,True,Bitter,0.967201765495542
O=C(O)CNC(=Nc1cccnc1)NCc1ccccc1,True,Bitter,0.5737332754653772
CCC(CC)CNS(=O)(=O)O,True,Sweet,0.5728488679083803
C[C@@H](CC[C@@]1(O)O[C@H]2C[C@H]3[C@@H]4CC=C5C[C@@H](O[C@@H]6O[C@H](CO)[C@@H](O[C@@H]7O[C@@H](C)[C@H](O)[C@@H](O)[C@H]7O)[C@H](O)[C@H]6O[C@@H]6O[C@@H](C)[C@H](O)[C@@H](O)[C@H]6O)CC[C@]5(C)[C@H]4CC[C@]3(C)[C@H]2[C@@H]1C)CO[C@@H]1O[C@H](CO)[C@@H](O)[C@H](O)[C@H]1O,True,Bitter,0.9808708819739995
CCc1cccc(CC)c1NS(=O)(=O)O,True,Bitter,0.8807316838952347
Cc1ccc(S(=O)(=O)CCC(=O)O)cc1,True,Sweet,0.9197365101420911
NC(Cc1c[nH]c2cc(Cl)ccc12)C(=O)O,True,Sweet,0.8831406296356765
O=S(=O)(O)NC1CCSC1,True,Sweet,0.5726876753154858
O=S(=O)(O)Nc1ccc(Br)cc1Br,True,Bitter,0.6208501692724937
CC(=O)C1CCC2C3CCC4=CC(=O)CCC4(C)C3CCC12C,True,Bitter,0.9903758021439489
NC(Cc1ccccc1)C(=O)NCC(=O)NCC(=O)NC(Cc1ccccc1)C(=O)O,True,Bitter,0.9558958723809063
O=c1c(-c2ccc(O)cc2)coc2cc(OC3OC(CO)C(O)C(O)C3O)ccc12,True,Bitter,0.9957056737697294
O=C1NC(Cc2ccccc2)C(=O)N2CCCC12,True,Bitter,0.9977449422751994
COc1cc(C2Oc3cc(C4Oc5cc(O)cc(O)c5C(=O)C4O)ccc3OC2CO)ccc1O,True,Bitter,0.9803712697373937
CC(CCC1(O)OC2CC3C4CCC5CC(OC6OC(CO)C(O)C(O)C6OC6OC(CO)C(O)C(O)C6O)CCC5(C)C4CCC3(C)C2C1C)COC1OC(CO)C(O)C(O)C1O,True,Bitter,0.9814235070316603
NC(CC(=O)O)C(=O)NC(CO)Cc1ccccc1,True,Sweet,0.9947476154507784
O=C(O)CC(=O)OCC1OC(Oc2c(-c3ccc(O)cc3)oc3cc(O)cc(O)c3c2=O)C(O)C(O)C1O,True,Bitter,0.9960618026457613
C=C1C[C@@]23CC[C@H]4[C@@](C)(C(=O)OC5OC(CO)C(O)C(O)C5O)CCC[C@@]4(C)[C@H]2CC[C@@]1(O[C@@H]1OC(CO)C(O)C(O)C1O[C@H]1OC(CO)C(O)C(O)C1O)C3,True,Sweet,0.9917622615503734
CN1C2CCC1CC(OC(=O)C(CO)c1ccccc1)C2,True,Bitter,0.9935497172652146
CCCCNS(=O)(=O)O,True,Sweet,0.5382901450191281
CCCC(CC)NC(=O)C(N)CC(=O)O,True,Sweet,1.0
CCCCCC=CCC=CCCCCCCCC(=O)CC(O)COC(C)=O,True,Bitter,0.9967925401776254
CC(C)C1NC(=O)C(C(C)C)NC1=O,True,Bitter,0.9945835780079035
CC(C(=O)O)C1CCC(C23C=CC(O)C(C)(C)C2C(=O)OC3)C(C(=O)O)C1,True,Bitter,0.9710270766679564
CCCCCCCNC(CC(=O)O)C(=O)Nc1ccc(C#N)cc1,True,Sweet,0.6786875743116718
CC(O)(CO)C1CC=CCC1,True,Sweet,0.9285369678021205
CC(C)c1cccc(NS(=O)(=O)O)c1,True,Sweet,0.5306950264451799
OCC1OC(OC2(CO)OC(CCl)C(O)C2O)C(O)C(O)C1Cl,True,Sweet,0.9974254719732234
N[C@@H](Cc1ccc(O)cc1)C(=O)O,True,Bitter,0.5073180309715888
O=C(C=Cc1ccc(O)c(O)c1)OC1CC(O)(C(=O)O)CC(O)C1O,True,Bitter,0.9381358434448337
CCC(C)C(=O)C1=C(O)C2(CC=C(C)C)CC3C(CC(C(C)C)C3(C)C)(C1=O)C2=O,True,Bitter,0.999586559999192
CCCC(=O)OCC(NC(=O)C(N)CC(=O)O)C(C)C,True,Sweet,0.998332365982749
O=C1NS(=O)(=O)c2ccccc12,True,Sweet,0.943243870294858
C[C@@H]1O[C@H](O)[C@@H](O)[C@H](O)[C@@H]1O,True,Sweet,0.9886845555821993
O=C(CCc1ccc(O)c(O)c1)NCCCCNCCCNC(=O)CCc1ccc(O)c(O)c1,True,Bitter,0.9966284271321376
C=C1CC23CCC4C(C)(C(=O)OC5OC(CO)C(O)C(O)C5O)CCCC4(C)C2CCC1(OC1OC(CO)C(O)C(OC2OC(CO)C(O)C(O)C2O)C1O)C3,True,Sweet,0.9842106107625148
OCC1CC(O)C(O)C(OC2(CO)OC(CO)C(O)C2O)O1,True,Sweet,0.9938548848594075
CC(C)CC(=O)C1=C(O)C2(O)C(CC3C(C)(C)C(C(C)(C)O)CC32O)C1=O,True,Bitter,0.999352113401151
CCCc1nnc(NS(=O)(=O)O)s1,False,Bitter,0.8459067084174201
CC(CNC(=O)C(N)CC(=O)O)c1ccccc1,True,Sweet,0.9379429984737526
CCC(C)C(=O)C1=C(O)C(O)C(CC=C(C)C)C1=O,True,Bitter,0.9982617551096057
CC(C)CC1NC(=O)C(C)NC1=O,True,Bitter,0.9965205323519489
O=S(=O)(O)NC1CCCCSC1,True,Sweet,0.5326316621077287
CC(C)c1cccc(C(C)C)c1NS(=O)(=O)O,True,Bitter,0.9627004406026987
CC(=CCO)CCC1C(C)(O)CC(OC2OCC(O)C(O)C2O)C2C(C)(CO)CCCC12C,True,Bitter,0.6711865401189614
CCNC(=Nc1ccc(C#N)cc1)NCC(=O)O,True,Sweet,0.9476080728509837
NC(Cc1c[nH]c2ccccc12)C(=O)NC(Cc1c[nH]c2ccccc12)C(=O)NC(Cc1c[nH]c2ccccc12)C(=O)O,True,Bitter,0.9976384659370885
C=C1C(=O)OC2C=C(C)C(OC(C)=O)CCC(C)=CC(OC(C)=O)C12,True,Bitter,0.9926075459518919
C=C1C(=O)OC2C1CCC1(C)OC13CC=C(C)C23,True,Bitter,0.992037131016947
CC1CC=CCC1(C(=O)O)S(=O)(=O)c1ccccc1,True,Bitter,0.9425767107333438
CC(NC(=O)C(N)CC(=O)O)C(=O)NC(C)(C(C)C)C(C)C,True,Sweet,0.9562940351715838
CCCCC(CC)NC(=O)C(N)CC(=O)O,True,Sweet,0.9942782877187417
O=S(=O)(O)NC1CCCSC1,True,Sweet,0.5731024937606282
CC1CCC(NS(=O)(=O)O)C1,True,Sweet,0.7929172994432632
CC(C)(C)c1csc(NS(=O)(=O)O)n1,True,Bitter,0.7219003273813891
C=C(C)C1CC23C(=O)C(C(=O)C(C)CC)=C(O)C(CC=C(C)C)(CC2C1(C)C)C3=O,True,Bitter,0.9995925649342526
C=C1CC23CCC4C(C)(C(=O)OC5OC(CO)C(O)C(O)C5O)CCCC4(C)C2CCC1(OC1OCC(O)C(OC2OC(CO)C(O)C(O)C2O)C1OC1OC(CO)C(O)C(O)C1O)C3,True,Sweet,0.9938453268297174
CC1C(NS(=O)(=O)O)C(=O)N(c2ccccc2)N1C,True,Bitter,0.8646570761096171
CCC(C)C(=O)C1=C(O)[C@](O)(C(=O)/C=C/C(C)(C)OO)C(CC=C(C)C)C1=O,True,Bitter,0.997842274432923
COC(C)C1=CCC=C(C=NO)C1,True,Bitter,0.9891132389067769
O=C(O)CNC(=Nc1cc(Cl)cc(Cl)c1)NC1CCCCCC1,True,Sweet,0.5133161496030088
CCCCCC(O)C=CC(O)C(O)CCCCCCCC(=O)O,True,Bitter,0.9638126005464802
CN(C)CCN(S(=O)(=O)O)S(=O)(=O)O,True,Bitter,0.9862672793014109
CCOC(=O)C(NC(=O)C(N)CC(=O)O)C(=O)OC1C2(C)CCC(C2)C1(C)C,True,Sweet,0.9872780351298471
COC(=O)C(CC(C)C)NC(=O)C(N)CC(=O)O,True,Sweet,0.9986290292916655
COC(=O)c1ccc(C)c(NS(=O)(=O)O)c1,True,Sweet,0.6594155155975269
CC(C)CC(N)C(=O)NC(CC(C)C)C(=O)O,True,Bitter,0.585664258305246
O=S(=O)(O)Nc1cccc(OCc2ccccc2)c1,True,Bitter,0.8319483141029991
COc1cc(O)c2C(=O)OC(C)Cc2c1,True,Bitter,0.9776929539615424
OCC1(O)CCC(O)C(O)C1O,True,Sweet,0.9874789230079191
CC1NC(=O)C(C(C)C)NC1=O,True,Bitter,0.9960790890807778
CN(C)CCCN(S(=O)(=O)O)S(=O)(=O)O,True,Bitter,0.9770472920738527
O=C1C(O)C(CO)OC(OC2(CO)OC(CO)C(O)C2O)C1O,True,Sweet,0.6813876620638586
N#Cc1ccc(N=C(NCC(=O)O)NC2CCCCCCC2)cc1,True,Sweet,0.9430523511122197
COc1cc(O)c2CC(O)C(C)(C)Oc2c1C(=O)C=Cc1ccc(O)cc1,True,Bitter,0.9993221213565734
CC(C)=CCC12CC3C(C)(C)CCC3(C(=O)C(C(=O)C(C)C)=C1O)C2=O,True,Bitter,0.9996121686121914
CC1=C(CCc2cocc2)C2(C)CCC(OC3OC(CO)C(O)C(O)C3OC3OCC(O)C(O)C3O)C(C)(C)C2CC1,True,Sweet,0.8287972090596856
O=C1c2c(O)cccc2C(C2OC(CO)C(O)C(O)C2O)c2cc(CO)cc(O)c12,True,Bitter,0.9968579875449193
CC1(C)[C@@H](O[C@H]2O[C@H](C(=O)O)[C@@H](O)[C@H](O)C2O[C@@H]2O[C@H](C(=O)O)[C@@H](O)[C@H](O)[C@H]2O)CC[C@@]2(C)[C@H]1CC[C@]1(C)[C@@H]2C(=O)C=C2[C@@H]3C[C@@](C)(C(=O)O)CC[C@]3(C)CC[C@]21C,True,Sweet,0.9939882631574799
O=S(=O)(O)Nc1cccc(Cl)c1,True,Bitter,0.6524841726017826
CSc1cccc(N=C(NCC(=O)O)NC(C)c2ccccc2)c1,True,Sweet,0.865243941697984
COc1cccc(CCC(=O)c2c(O)cc(OC3OC(CO)C(O)C(O)C3OC3OC(C)C(O)C(O)C3O)cc2O)c1O,True,Sweet,0.8189781883838929
O=C(COC1OC(CO)C(O)C(O)C1O)C(O)C(O)C(O)CO,True,Sweet,0.9845583644424531
COc1cc2c(cc1O)C1CC[C@]3(C)CCCC3C1CC2,True,Sweet,0.9282456143671947
C=CC1C(OC2OC(CO)C(O)C(O)C2O)OC=C2C(=O)OCCC21O,True,Bitter,0.9914505379056093
COc1cccc(C(CC(=O)O)NC(=O)Nc2ccc(C#N)cc2)c1,True,Bitter,0.9330430084380759
CCCCS(=O)(=O)NC(=Nc1ccc(C#N)cc1)NCC(=O)O,True,Sweet,0.5968113105483488
CNC(=C[N+](=O)[O-])NCCSCc1ccc(CN(C)C)o1,True,Bitter,0.9751501534892076
CC(C)(C)c1cccc(NS(=O)(=O)O)c1,True,Bitter,0.5315644438975964
COC(=O)C(Cc1ccccc1)NC(=O)C(CC(=O)O)NCCCc1ccc(OC)c(O)c1,True,Sweet,0.8327534012476155
COc1cc(O)c2CCC(C)(C)Oc2c1C(=O)C=Cc1ccc(O)cc1,True,Bitter,0.999533773743027
O=C(OCC1OC(OC(=O)c2cc(O)c(O)c(O)c2)C(OC(=O)c2cc(O)c(O)c(O)c2)C(OC(=O)c2cc(O)c(O)c(O)c2)C1OC(=O)c1cc(O)c(O)c(O)c1)c1cc(O)c(O)c(O)c1,True,Bitter,0.9955249002356225
O=S(=O)(O)Nc1ccc(N2CCOCC2)cc1,True,Bitter,0.7601525023082987
COc1cc(O)c(CC(O)C(C)(C)O)c(O)c1C(=O)C=Cc1ccc(O)cc1,True,Bitter,0.9980583738929552
COC(=O)C(C)NC(=O)C(CC(=O)O)NC(=O)Nc1ccc(C#N)cc1,True,Sweet,0.9848675004269527
CC(C(=O)O)C1CCC(C23CCC(=O)C(C)(C)C2C(=O)OC3)C(C(=O)O)C1,True,Bitter,0.9907290004485978
CCC(C)C(=O)OC(C)C1(O)CCC2(O)C3CCC4CC(OC5CC(O)C(OC6CC(OC)C(OC7CC(OC)C(OC8OC(C)C(OC9OC(CO)C(OC%10OC(CO)C(O)C(O)C%10O)C(O)C9O)C(OC)C8O)C(C)O7)C(C)O6)C(C)O5)CCC4(C)C3CC(OC(C)=O)C12C,True,Sweet,0.7192212428637714
C=C(C)CCc1c(O)cc(OC)c(C(=O)C=Cc2ccc(O)cc2)c1O,True,Bitter,0.998692136164077
CC(C)CC(N)C(=O)NC(C)C(=O)O,True,Sweet,0.8504361836698413
COc1c(O)cc2OC(c3ccc(O)c(O)c3)C(O)C(=O)c2c1O,True,Bitter,0.9852604696261041
CC(C)=CCC12CC3C(CC(C(C)(C)O)C3(C)C)(C(=O)C(C(=O)C(C)C)=C1O)C2=O,True,Bitter,0.999583812152108
CC(O)C1NC(=O)C2CCCN2C1=O,True,Bitter,0.9980587497979159
CC(=O)OCC1=C2C(OC3OC(CO)C(O)C(O)C3O)CC(C)C3(CC(c4cocc4)OC3=O)C2CCC1,True,Bitter,0.9934718461086673
COC(=O)c1ccc(NS(=O)(=O)O)cc1,True,Sweet,0.6217639150327111
OCC1OC(Oc2cc3c(O)cc(O)cc3[o+]c2-c2ccc(O)c(O)c2)C(O)C(O)C1O,True,Bitter,0.9914691741088006
COC(=O)C(NC(=O)C(CC(=O)O)NC(=O)Nc1ccc([N+](=O)[O-])cc1)C(=O)OC,True,Sweet,0.9135445676095604
COC(=O)[C@](C)(Cc1ccccc1)NC(=O)[C@@H](N)CC(=O)O,True,Sweet,0.9954312159901413
O=S(=O)(O)Nc1ccccc1-c1ccccc1,True,Bitter,0.9322417337807163
CCC(C)C(=O)C1=C(O)C(O)(C(=O)C=CC(C)(C)OO)C(CC=C(C)C)C1=O,True,Bitter,0.997842274432923
CC(=O)OC1CC2CC3(C(O)C2C)C1C12COC3(O)C(O)C1C(C)(C)CCC2OC(C)=O,True,Bitter,0.9970955467644234
C[C@@H](CC[C@@]1(O)OC2C[C@H]3[C@@H]4CCC5C[C@@H](O[C@@H]6O[C@H](CO)[C@@H](O[C@@H]7O[C@@H](C)[C@H](O)[C@@H](O)[C@H]7O)[C@H](O)[C@H]6O)CC[C@]5(C)[C@H]4CC[C@]3(C)C2[C@@H]1C)CO[C@@H]1O[C@H](CO)[C@@H](O)[C@H](O)[C@H]1O,True,Bitter,0.9923376995762248
CC(C)(O)C=CC(=O)C(C)(O)C1C(O)CC2(C)C3CC=C4C(CC(O)C(=O)C4(C)C)C3(C)C(=O)CC12C,True,Bitter,0.9984371351309882
C=C1CC23CCC4C(C)(C(=O)OC5OC(CO)C(O)C(O)C5OC5OC(CO)C(O)C(O)C5O)CCCC4(C)C2CCC1(OC1OC(CO)C(O)C(OC2OC(CO)C(O)C(O)C2O)C1OC1OC(C)C(O)C(O)C1O)C3,True,Sweet,0.9743597784747675
OCC1(O)SCC(O)C(O)C1O,True,Sweet,0.9541221622312308
CC(C)=CCC1C(=O)C(C(=O)C(C)C)=C(O)[C@H]1O,True,Bitter,0.996154578458265
N[C@H](CO)C(=O)O,True,Sweet,0.9806992659331937
C=C1C(=O)C23CC1CCC2C12COC(O)C1C(C)(C)C(OC(C)=O)CC2OC3=O,True,Bitter,0.998829337013318
COc1cc2c(C=CC(C)(C)O2)c(O)c1C(=O)C=Cc1ccc(O)cc1,True,Bitter,0.9983014492480318
COc1ccc(CCC(=O)c2c(O)cc(OCCCS(=O)(=O)O)cc2O)cc1O,True,Sweet,0.7598917071558899
CC(CCC(=O)NCCS(=O)(=O)O)C1CCC2C3C(O)CC4CC(O)CCC4(C)C3CC(O)C12C,True,Bitter,0.9779839889748666
COc1c(C)c(O)c(CC(O)C(C)(C)OC)c(O)c1C(=O)C=Cc1ccc(O)cc1,True,Bitter,0.9956251512759291
CC=Cc1cc(OC)ccc1OC(=O)C(C)CC,True,Bitter,0.8330443686195337
COC(=O)C(CCCCNC(C)=O)NC(=O)C(N)CC(=O)O,True,Sweet,0.9928992373550087
N#Cc1ccc(NC(=O)NC(CC(=O)O)c2ccc3CCCc3c2)cc1,True,Bitter,0.976341174671489
CC1=CC(O)C2C(CC(C)=CCC1)OC(=O)C2(C)O,True,Bitter,0.989945633495501
CC(O)C(=O)[O-].CC([O-])C(=O)O.[Ca+2],True,Bitter,0.7853973664119241
COC(C)C1=CCC(C=NO)=CC1,True,Bitter,0.9718882212847768
O=C(OC1Cc2c(O)cc(O)cc2OC1c1ccc(O)c(O)c1)c1cc(O)c(O)c(O)c1,True,Bitter,0.9959586291926518
COC(=O)C(C)NC(=O)C(CC(=O)O)NC(=O)Nc1ccc([N+](=O)[O-])cc1,True,Sweet,0.9789606185105526
OC[C@H]1O[C@@](O)(CO)[C@H](O)[C@@H]1O,True,Sweet,0.9965277554530678
NC1CCCCC1,True,Bitter,0.9062960184190112
Cc1cc(N=C(NCC(=O)O)NC(C)c2ccccc2)ccc1C#N,True,Sweet,0.9078557015160584
OCC12OCC(O1)C(O)C(O)C2O,True,Sweet,0.811433635342929
CC1CCC2(OC1)OC1CC3C4CCC5CC(OC6OC(CO)C(OC7OCC(O)C(O)C7O)C(O)C6OC6OC(CO)C(O)C(O)C6O)CCC5(C)C4CCC3(C)C1C2C,True,Bitter,0.9929214270150948
OC[C@@H]1O[C@@H](O)[C@@H](O)[C@H](O)[C@H]1O[C@@H]1O[C@@H](CO)[C@H](O)[C@@H](O)[C@@H]1O,True,Sweet,0.9982869514740993
O=C(NC(CO)C(O)c1ccc([N+](=O)[O-])cc1)C(Cl)Cl,True,Bitter,0.9563395991702615
O=S(=O)(O)NCCCCCO,True,Bitter,0.578956448688638
CC(NC(=O)C(N)CC(=O)O)C(=O)NC1C(C)(C)CCC1(C)C,True,Sweet,0.9628922230083794
CC1CCC(C(C)C2CCC3C4=CC(=O)C5CC(OC6OC(CO)C(O)C(O)C6OC6OC(C)C(O)C(O)C6O)CCC5(C)C4CCC32C)OC1OC1OC(C)C(O)C(O)C1O,True,Sweet,0.9902044784374691
Cc1cccc(CNC(=Nc2ccc(C#N)cc2)NCC(=O)O)c1,True,Sweet,0.9876115069854761
CC(C)=CCC1C(=O)C(C(=O)CC(C)C)=C(O)C1(O)C(=O)C=CC(C)C,True,Bitter,0.9985292350822793
CC12C=CC(=O)C=C1CCC1C2C(=O)CC2(C)C1CCC2(O)C(=O)CO,True,Bitter,0.991402072263038
CC1=C(C)CC(C(=O)O)(S(=O)(=O)c2ccccc2)CC1,True,Bitter,0.9821633648750229
CC(=O)NCC(C)C,True,Bitter,0.6573310815307416
N[C@H](CC(=O)O)C(=O)O,True,Sweet,0.9639948309810153
CC(=O)OCC12C(O)CC(C)C3(CC(c4cocc4)OC3O)C1CCC(=O)C21CO1,True,Bitter,0.999152511460138
Cc1cccc(N=C(NCC(=O)O)NC(C)c2ccccc2)c1,True,Sweet,0.8464538826237161
CC(Cc1ccccc1)N(C)C(=O)C(N)CC(=O)O,True,Bitter,0.6568104418187458
O=C(O)CNC(=Nc1cc(Cl)cc(Cl)c1)Nc1cc(Cl)cc(Cl)c1,True,Sweet,0.5562972016720003
CC(=O)OC(C)(C)C=CC(=O)C(C)(O)C1C(O)CC2(C)C3CC=C4C(CC(O)C(=O)C4(C)C)C3(C)C(=O)CC12C,True,Bitter,0.9928989258190001
CCC(C)C(=O)OC(C)C1(O)CCC2(O)C3CCC4CC(OC5CC(O)C(OC6CC(OC)C(OC7CC(OC)C(OC8CC(OC)C(OC9OC(CO)C(O)C(O)C9O)C(C)O8)C(C)O7)C(C)O6)C(C)O5)CCC4(C)C3CC(OC(C)=O)C12C,True,Sweet,0.7672753333237315
CC1=C(C(C)C)OS(=O)(=O)NC1=O,True,Sweet,0.8696026521586567
Cc1cccc(C)c1NC(=O)C[N+](C)(C)CCc1ccc(Cl)cc1,True,Bitter,0.9992789835322051
C=C1C[C@@]23CC[C@H]4[C@@](C)(CCC[C@@]4(C)C(=O)O[C@@H]4O[C@H](CO)[C@@H](O)[C@H](O)[C@H]4O)[C@@H]2CC[C@]1(O[C@@H]1O[C@H](CO)[C@@H](O)[C@H](O)[C@H]1O[C@@H]1O[C@@H](C)[C@H](O)[C@@H](O)[C@H]1O)C3,True,Sweet,0.9933063104812585
CC(C)C1NC(=O)C2CCCN2C1=O,True,Bitter,0.9983989270551727
CC=C(C)C(=O)OC1CC2C(CC=C3CC(O)CCC32C)C2(O)CCC(C(C)=O)C12C,True,Bitter,0.9914036375027728
O=C1C2CCCN2C(=O)C2CCCN12,True,Bitter,0.9974037447025206
CCCCCCNC(=O)C(N)CC(=O)O,True,Sweet,0.967445453478933
C=CC1CC=C(C)CC1,True,Sweet,0.5157805658433896
CC(=O)OC1CC=C(C)C(OC(C)=O)CC2C(C=C1C)OC(=O)C2C,True,Bitter,0.993516514399561
C=C(C)C1CC2(O)C(CC3C(=O)C(C(=O)C(C)CC)=C(O)C32O)C1(C)C,True,Bitter,0.9995120420806273
CC1CC(NS(=O)(=O)O)CS1,True,Sweet,0.6524901641141385
COC1=CC(C)C2CC3OC(=O)CC4C(C)=C(OC)C(=O)C(C2(C)C1=O)C34C,True,Bitter,0.9991559738907754
N=C(N)N,True,Bitter,0.9506287800517554
COc1cccc2c1nc(NS(=O)(=O)O)s2,True,Bitter,0.8352369434771963
OCC1OC(OC2COC(O)(CO)C(O)C2O)C(O)C(O)C1O,True,Sweet,0.9964466888873718
C=C1CC23CCC4C(C)(C(=O)OC5OC(CO)C(O)C(O)C5O)CCCC4(C)C2CCC1(OC1OC(CO)C(O)C(O)C1OC1OC(CO)C(O)C(O)C1OC1OC(CO)C(OC2OC(CO)C(O)C(O)C2O)C(O)C1O)C3,True,Sweet,0.8156859947425268
OCC1OC(OC2(CCl)OC(CCl)C(O)C2O)C(O)C(O)C1Br,True,Sweet,0.9911921961147765
CO[C@@H]1O[C@H](CO)[C@@H](O)[C@H](O)[C@H]1O,True,Sweet,0.9836923873737369
C1CCN2CC3CC(CN4CCCCC34)C2C1,True,Bitter,0.9979431432541633
COC(=O)C1C(O)CCC2CN3CCc4c([nH]c5ccccc45)C3CC21,True,Bitter,0.997017161092584
CSc1ccc(NS(=O)(=O)O)cc1,True,Sweet,0.5010597076489758
CCC(C)C(=O)C1=C(O)C(O)(CC=C(C)C)C(O)(C(=O)CC=C(C)C)C1=O,True,Bitter,0.9993725831020178
C=C1C(=O)OC2C1CCC1(C)C(O)CC=C(C)C21,True,Bitter,0.9970440636310944
CC(=O)OC1CC2(O)C3CCC4CC(OC(=O)CCCCCCC(=O)NC(CCCN=C(N)N)C(=O)O)CCC4(C)C3CCC2(C)C1c1coc(=O)cc1,True,Bitter,0.9799881933393213
CC12C=CC(=O)C=C1CCC1C2C(O)CC2(C)C1CCC2(O)C(=O)CO,True,Bitter,0.9910199226248264
C=C1CC23CCC4C(C)(C(=O)OC5OC(CO)C(O)C(O)C5O)CCCC4(C)C2CCC1(OC1OC(CO)C(O)C(O)C1O)C3,True,Sweet,0.9518175421113524
O=C1CC2OCC=C3C[N+]4([O-])CCC56c7ccccc7N1C5C2C3CC64,True,Bitter,0.9995013435010349
CC=C(C)C,True,Sweet,0.8649107700600649
CCc1cccc(NS(=O)(=O)O)c1,True,Bitter,0.6456107561073644
OC[C@@]1(O)OC[C@H](O)[C@@H](O)[C@@H]1O,True,Sweet,0.9962662932390778
CC1CC2C3CCC4=CC(=O)C=CC4(C)C3(F)C(O)CC2(C)C1(O)C(=O)CO,True,Bitter,0.9950332516384877
CC(C)(O)C1CC=C(C=NO)CC1,True,Bitter,0.8933539757152871
OC[C@H](O)[C@H](O)[C@H](O)[C@H](O)CO,True,Sweet,0.994823943233214
CCCCOC(=O)c1ccccc1NS(=O)(=O)O,True,Bitter,0.9114725316158059
C=C1C(=O)C23CC1CCC2C12COC(O)C1C(C)(C)C(O)CC2OC3=O,True,Bitter,0.9981103173976129
COc1cc(O)c(CC2OC2(C)C)c(O)c1C(=O)C=Cc1ccc(O)cc1,True,Bitter,0.9987637406764981
COCCCCC=C(C)C=NO,True,Bitter,0.983383650578251
CC(O)c1ccc(NS(=O)(=O)O)cc1,True,Bitter,0.5839463889397307
NC(Cc1ccc(O)cc1)C(=O)O,True,Bitter,0.5073180309715888
CC(CCC(O)C(C)(C)O)C1CCC2(C)C3CC=C4C(CCC(O)C4(C)C)C3(C)C(O)CC12C,True,Sweet,0.5983416215166358
C[C@@H](NC(=O)[C@@H](N)CC(=O)O)C(=O)NC1C(C)(C)SC1(C)C,True,Sweet,0.9793525530885918
CCN(CC)c1ccc(NS(=O)(=O)O)cc1,True,Bitter,0.677431812380441
CC(C)=CCC(=O)C1(O)C(O)=C(C(=O)CC(C)C)C(=O)C1CC=C(C)C,True,Bitter,0.9991425102158203
CCc1ccc(C)cc1NS(=O)(=O)O,True,Bitter,0.8863714424730241
C=C1C(=O)OC2C=C(C)C(O)CC=C(C)CC(OC(=O)C(C)=CC)C12,True,Bitter,0.993670670277176
CCC(C)CNS(=O)(=O)O,True,Sweet,0.6194808033135295
C=C1C(=O)C23CCC4C(C)(C)CC(OOC5OC(CO)C(O)C(O)C5O)CC4(C)C2CCC1C3,True,Bitter,0.9700265136401478
CC(=O)C(C)(O)O,True,Sweet,0.9578062713646074
COCC1CCC=C(C)C1,True,Bitter,0.6331302633841622
C=CC1C=C(C=NO)CCC1,True,Bitter,0.9288289299421423
O=C(O)CNC(=Nc1cc(Cl)cc(Cl)c1)NCc1ccccc1,True,Sweet,0.8557011112349747
CCCCCS(=O)(=O)NC(=Nc1ccc(C#N)cc1)NCC(=O)O,True,Sweet,0.5446887941379237
COc1cc2c(cc1OC1OC(CO)C(O)C(O)C1O)occ(-c1ccc(O)cc1)c2=O,True,Bitter,0.9801703780977503
C=C1C(=O)C23CC1CC(OC(C)=O)C2C12COC3(O)C(O)C1C(C)(C)CCC2OC(C)=O,True,Bitter,0.9985237561882394
OCC1CC(O)C(O)C(O)C1O,True,Sweet,0.9722477517593211
CC(C)C1NC(=O)C(Cc2ccc(O)cc2)NC1=O,True,Bitter,0.997860495305976
COc1cc2c(-c3ccc(OC)c(=O)cc3C(NC(C)=O)CC2)c(OC)c1OC,True,Bitter,0.9991562674947353
CC1OC(OC2C(Oc3cc(O)c(C(=O)CCc4cccc(O)c4)c(O)c3)OC(CO)C(O)C2O)C(O)C(O)C1O,True,Sweet,0.948076397365039
CC(NC(=Nc1ccc2ccccc2n1)NCC(=O)O)c1ccccc1,True,Sweet,0.5846343694749675
Cc1ccc2nc(NS(=O)(=O)O)sc2c1,True,Bitter,0.9692647119153068
O=S(=O)(O)Nc1ccc2OCCOc2c1,True,Bitter,0.729459767455565
COc1ccc2CC3C4CCCCC4(CCN3C)c2c1,True,Bitter,0.9978014402434285
CC1=CCCOC1,True,Bitter,0.72826633722318
CC1(C)[C@@H](OC2OC(C(=O)O)C(O)C(O)C2OC2OC(C(=O)O)C(O)C(O)C2O)CC[C@@]2(C)[C@H]1CC[C@]1(C)[C@@H]2C(=O)C=C2[C@@H]3C[C@@](C)(C(=O)O)CC[C@]3(C)CC[C@]21C,True,Sweet,0.9939882631574799
CCOC(=O)c1ccc(NC(=O)NC(CC(=O)O)C(=O)NC(Cc2ccccc2)C(=O)OC)cc1,True,Sweet,0.7095294964792568
CCCOC(=O)C(C)NC(=O)C(CC(=O)O)NC(=O)Nc1ccc([N+](=O)[O-])cc1,True,Sweet,0.8957684969868116
Cc1ccc(NS(=O)(=O)O)cc1I,True,Bitter,0.8001610628397519
O=C(O)CNC(=Nc1ccc2cn[nH]c2c1)NC1CCCCCCC1,True,Sweet,0.5700516266883574
N#Cc1ccc(NC(=O)NC(CC(=O)O)c2cccc([N+](=O)[O-])c2)cc1,True,Bitter,0.994910906218827
COC(C)C1CC=C(C=NO)CC1,True,Bitter,0.9782443057767125
O=C(O)CNC(=Nc1ccc2ccccc2n1)NC1CCCCCCC1,True,Bitter,0.5949032801728225
N[C@@H](Cc1cnc[nH]1)C(=O)O,True,Bitter,0.5226445241459303
CC1C(=O)C23CC1CC(O)C2C12COC(O)C1C(C)(C)CCC2OC3=O,True,Bitter,0.9991370820072867
CC(C)CC1NC(=O)C(C(C)C)NC1=O,True,Bitter,0.9977818320683968
Cc1cc(C)nc(NS(=O)(=O)O)c1,True,Bitter,0.9086768680004771
C=CCSC[C@@H]1C(=O)N([C@@H](CSCC=C)C(=O)O)Cc2ccc(C=O)n21,True,Bitter,0.9917276712798286
O=C1OCc2cc3cccc(OC4OC(CO)C(O)C(O)C4O)c3c(O)c12,True,Bitter,0.9861632552368117
CC1=CCC(C(C)C2CCC3(C)C4CCC5C(C)(C(=O)O)C(OC6OC(CO)C(O)C(O)C6O)CCC56CC46CCC23C)OC1=O,True,Sweet,0.8110342209062731
CCCc1ccc([N+](=O)[O-])cc1N,True,Sweet,0.8316040037239916
Cc1ccccc1NS(=O)(=O)O,True,Sweet,0.7920569309012407
COC(C)(CO)C1CC=C(C)CC1,True,Sweet,0.6576288879212495
CC1(C)CC1(C(=O)O)S(=O)(=O)c1ccccc1,True,Bitter,0.8916873076485375
O=C(CO)[C@H](O)[C@@H](O)[C@H](O)CO,True,Sweet,0.9929439418554526
CC(C)C1=C2C(=O)C3CC(C(C)(C)O)C4(O)CC(C(C)(C)O1)C2(O)C34O,True,Bitter,0.9968598151520474
NC(Cc1c[nH]c2cc(C(F)(F)F)ccc12)C(=O)O,True,Bitter,0.6717215061726762
NC(=O)c1ccc(NC(=O)NC(CC(=O)O)c2cccnc2)cc1,True,Bitter,0.9926583988369287
CC(C)c1nnc(NS(=O)(=O)O)s1,False,Bitter,0.5998796462576721
CC(C)C1NC(=O)C(Cc2ccccc2)NC1=O,True,Bitter,0.9958910971524289
N#Cc1ccc(NC(=O)N(CCC(=O)O)C2CCCCC2)cc1,True,Bitter,0.9920638511190323
N#Cc1ccc(N=C(NCC(=O)O)NC2CCCCC2)cc1,True,Sweet,0.9721138020123521
CC(=O)OC1OCC23C(CCC(C)(C)C12)OC(=O)C12CC(CC(=O)C13)C(C)C2=O,True,Bitter,0.9993808606492561
CC(NC(=Nc1ccc([N+](=O)[O-])cc1)NCC(=O)O)c1ccccc1,True,Sweet,0.8510526431673684
N#Cc1ccc(NC(=O)NC(CC(=O)O)c2ccc3ccccc3c2)cc1,True,Bitter,0.95181921094505
CC(NC(=O)C(N)CC(=O)O)C(=O)NC(C)(C1CC1)C1CC1,True,Sweet,0.9814917563879064
CC[C@H](C)[C@H](N)C(=O)O,True,Sweet,0.6903553162931115
CC1=C2C(=O)C=C(CO)C2C2OC(=O)C(C)C2C(O)C1,True,Bitter,0.9987906806323621
CC(CCc1ccccc1)NC(=O)C(N)CC(=O)O,True,Sweet,0.9979162377382769
CCC(C)c1ccccc1NS(=O)(=O)O,True,Bitter,0.7204407138122443
CC1CCC(NS(=O)(=O)O)CC1,True,Sweet,0.8230647631728105
N[C@H](Cc1ccc(O)cc1)C(=O)O,True,Bitter,0.5073180309715888
C=C(C)C=NO,False,Bitter,0.9922779665704675
COC(=O)C(Cc1ccccc1)NC(=O)C(CC(=O)O)NC(=O)Nc1ccc(C(C)=O)cc1,True,Sweet,0.8371632391273205
CC1(C2CC=C(C=NO)CC2)CO1,True,Bitter,0.8591031901564533
O=C[C@@H](O)[C@H](O)[C@H](O)CO,True,Sweet,0.996490683011088
OCC1(O)OC[C@H](O)[C@@H](O)[C@@H]1O,True,Sweet,0.9962662932390778
CC(C)(C)CCNS(=O)(=O)O,True,Bitter,0.8817772511212402
CC(NC(=O)C(CC(=O)O)NC(=O)Nc1ccc(C#N)cc1)c1ccccc1,True,Sweet,0.5497230344551631
OC[C@H]1O[C@H](OC[C@@H](O)[C@@H](O)[C@H](O)[C@H](O)CO)[C@H](O)[C@@H](O)[C@@H]1O,True,Sweet,0.9970339169533688
ON=CC1=COCCC1,True,Bitter,0.9276699417491543
C=C1CCC2C(=C)C(=O)OC2C=C(C)CCC1O,True,Bitter,0.9901207918827135
ON=CC1=CCCCC1,True,Bitter,0.926175605372745
N#Cc1ccc(N=C(NCCc2ccccc2)NCC(=O)O)cc1,True,Sweet,0.8878298433832246
N#Cc1ccc(Cl)c(N)c1,True,Bitter,0.9641264269247827
OCC1OC(OC2(CO)OC(CF)C(O)C2O)C(O)C(O)C1F,True,Sweet,0.9749535213483644
CC(=O)OC1C(C)OC(OC2C(O)C3(C)CCC4(C)C(=CCC5C6(C)CCC(OC7OC(C(=O)O)C(O)C(O)C7OC7OC(CO)C(O)C(O)C7O)C(C)(CO)C6CCC54C)C3CC2(C)CO)C(OC(C)=O)C1OC(C)=O,True,Sweet,0.7183058476893676
C=C1C(=O)OC2C1CC=C1CC(C)(CCC1OO)C2O,True,Bitter,0.9952002549002704
N#Cc1ccc(N=C(NCC(=O)O)NC2CCc3ccccc32)cc1,True,Sweet,0.9312627034355314
CC(C)=CCC1C(=O)C(C(=O)CC(C)C)=C(O)C1(O)C(=O)C=CC(C)(C)OO,True,Bitter,0.9980697690205842
O=Cc1ccccc1OC1OC(CO)C(O)C(O)C1O,True,Bitter,0.9886168123536
O=S(=O)(O)Nc1nncs1,False,Bitter,0.8289002911871203
OC[C@H]1OC(O)(CO)[C@@H](O)[C@@H]1O,True,Sweet,0.9965277554530678
C=C(C)C1CC=C(/C=N\O)CC1,True,Sweet,0.7416518809718669
OCC1OC2OC3C(CO)OC(OC4C(CO)OC(OC5C(CO)OC(OC6C(CO)OC(OC7C(CO)OC(OC8C(CO)OC(OC1C(O)C2O)C(O)C8O)C(O)C7O)C(O)C6O)C(O)C5O)C(O)C4O)C(O)C3O,True,Sweet,0.5566614788395248
C=C(C)C1CC2(O)C(CC3C(=O)C(C(=O)CC(C)C)=C(O)C32O)C1(C)C,True,Bitter,0.9995052690374597
CC(C)=CCC/C(C)=C\CO,True,Sweet,0.7598738303426712
NCCCC[C@@H](N)C(=O)O,True,Sweet,0.8328314646597281
OC[C@H]1O[C@](O)(CO)[C@@H](O)[C@@H]1O,True,Sweet,0.9965277554530678
COC(C)C1=CCC=C(C)C1,True,Sweet,0.6461607653999242
CC1=CCCCC1,True,Sweet,0.6201929057786734
C=C1C(=O)OC2C1CCC(=C)C1CC(OC(C)=O)C(=C)C12,True,Bitter,0.9931850886231078
Nc1ncnc2c1ncn2C1OC(CO)C(O)C1O,True,Bitter,0.9965019741912019
O=C(O)CNC(=Nc1cc2nonc2cc1)NC1CCCCCCC1,True,Sweet,0.8930298767944005
COS(=O)(=O)NC1CCCCC1C,True,Sweet,0.6662974412105254
CC(C)C[C@@H](N)C(=O)O,True,Sweet,0.7524423595553087
CC(C)CC(NC(=O)C(N)Cc1c[nH]c2ccccc12)C(=O)O,True,Bitter,0.9925119941070677
CC(C)=CCC1C(=O)C(C(=O)C(C)C)=C(O)C1O,True,Bitter,0.996154578458265
CC(C)OC(=O)C(C)NC(=O)C(N)C(=O)O,True,Sweet,0.9781881896769065
CC12CCC(=O)C=C1CCC1C2C(O)CC2(C)C1CCC2(O)C(=O)CO,True,Bitter,0.9884819705232599
COc1ccc(CCC(=O)c2c(O)cc(OC3OCC(O)C(O)C3O)cc2O)cc1O,True,Sweet,0.9646274353400008
N#Cc1ccc(NC(=O)NC(CC(=O)O)Cc2ccccc2)cc1,True,Bitter,0.954279624749218
CCc1ccc(S(=O)(=O)C(C(=O)O)C(C)C)cc1,True,Bitter,0.7859400536057588
CNS(=O)(=O)c1ccc(NC(=O)NC(CC(=O)O)C(=O)NC(Cc2ccccc2)C(=O)OC)cc1,True,Sweet,0.9660353275364946
NC(=O)CC[C@@H](N)C(=O)O,True,Sweet,0.958171067170861
CCC(C)C(NC(=O)C(N)CC(=O)O)C(=O)OC,True,Sweet,0.9971755540307639
COc1cc(O)c2ccoc2c1C(=O)C=Cc1ccc(O)cc1,True,Bitter,0.9968144191000383
CCC(C)CC(C)NC(=O)C(N)CC(=O)O,True,Sweet,0.991188429309749
CC(C)C(C(=O)O)S(=O)(=O)c1ccc(Cl)cc1Cl,True,Bitter,0.7794987769185449
CCC1OC(=O)C(C)C(OC2CC(C)(OC)C(O)C(C)O2)C(C)C(OC2OC(C)CC(N(C)C)C2O)C(C)(OC)CC(C)C(=O)C(C)C(O)C1(C)O,True,Bitter,0.9947160304654239
CC(C)CC(NC(=O)CN)C(=O)O,True,Bitter,0.8829748192014155
CC1(C(=O)O)CCC2(C)CCC3(C)C(=CC(=O)C4C5(C)CCC(OC6OCC(O)C(O)C6O)C(C)(C)C5CCC43C)C2C1,True,Bitter,0.8768651289258833
CC(C(=O)O)C1CCC(C23CCC(O)C(C)(C)C2C(=O)OC3)C(C(=O)O)C1,True,Bitter,0.9089865917486575
C=C(C)C1C2OC(=O)C1C1(O)CC3OC34C(=O)OC2C14C,True,Bitter,0.9969101792141817
CCC(C)C(=O)OC(C)C1(O)CCC2(O)C3CCC4CC(OC5CC(O)C(OC6CC(OC)C(OC7CC(OC)C(OC8CC(OC)C(OC9CC(OC)C(O)C(C)O9)C(C)O8)C(C)O7)C(C)O6)C(C)O5)CCC4(C)C3CC(OC(C)=O)C12C,True,Bitter,0.5555959948139431
O=C(OC1Cc2c(O)cc(O)c(C3c4c(O)cc(O)cc4OC(c4ccc(O)c(O)c4)C3O)c2OC1c1ccc(O)c(O)c1)c1cc(O)c(O)c(O)c1,True,Bitter,0.9949063299548379
OC[C@H](O)[C@@H](O)[C@@H](O)[C@H](O)CO,True,Sweet,0.994823943233214
COc1cc(C2c3c(OC)c(O)c(OC)cc3CC(CO)C2COC2OC(COC(=O)c3cc(O)c(O)c(O)c3)C(O)C(O)C2O)cc(OC)c1O,True,Bitter,0.9846579144182782
NC(Cc1ccccc1)C(=O)O,True,Sweet,0.8249506832056932
COC(=O)C(NC(=O)C(CC(=O)O)NC(=O)Nc1ccc([N+](=O)[O-])cc1)C1CCCCC1,True,Sweet,0.8301049017492963
CC(NC(=O)C(N)CC(=O)O)C(=O)NC1C(C)(C)[S+]([O-])C1(C)C,True,Sweet,0.872256661137786
CCOc1cccc(NS(=O)(=O)O)c1,True,Bitter,0.7630052865770458
Oc1cc2c(cc1O)[C@@H]1c3ccc(O)c(O)c3OC[C@@]1(O)C2,True,Sweet,0.8788104068015385
COC(=O)C(Cc1ccccc1)NC(=O)C(CC(=O)O)NC(=S)Nc1ccc([N+](=O)[O-])cc1,True,Sweet,0.974727354078645
CC(=O)OC1C(C)OC(OC2C(O)C3(C)CCC4(C)C(=CCC5C6(C)CCC(OC7OC(C(=O)O)C(O)C(O)C7OC7OCC(O)C(O)C7O)C(C)(CO)C6CCC54C)C3CC2(C)CO)C(OC(C)=O)C1OC(C)=O,True,Sweet,0.5667526768617656
CC1=CCC(C(C)C2CCC3(C)C4CCC5C(C)(C(=O)O)C(OC6OC(C(=O)O)C(O)C(O)C6OC6OC(CO)C(O)C(O)C6O)CCC56CC46CCC23C)OC1=O,True,Sweet,0.9518271031947769
N#Cc1ccc(N=C(NCC(=O)O)Nc2cccc3ccccc23)cc1,True,Sweet,0.9558301340785602
CC1CC(NS(=O)(=O)O)CCS1,True,Bitter,0.6173249907390942
Cn1nnnc1NC(=Nc1ccc(C#N)cc1)NC1CCCCCCC1,True,Bitter,0.9944473268247751
Oc1cc(O)c2CC(O)C(c3ccc(O)c(O)c3)Oc2c1,True,Bitter,0.9757943716076101
COc1cc(O)c(CCC(C)(C)OC)c(O)c1C(=O)C=Cc1ccc(O)cc1,True,Bitter,0.9978061737724744
N#Cc1ccc(NC(=NC2CCCCCCC2)NCC(=O)O)cc1,True,Sweet,0.9375686586077168
N#Cc1ccc(/N=C(\NCC(=O)O)NC2CCCCCCCC2)cc1,True,Sweet,0.936733644176577
COc1ccc(CCC(=O)c2c(O)cc(OCCCP(=O)(O)O)cc2O)cc1O,True,Sweet,0.6496031843572245
OC[C@H]1O[C@H](Oc2ccccc2)[C@H](O)[C@@H](O)[C@@H]1O,True,Bitter,0.8450059348281412
CC1(C(=O)O)CCC2(C)CCC3(C)C(=CC(=O)C4C5(C)CCC(OC6OC(C(=O)O)C(O)C(O)C6O)C(C)(C)C5CCC43C)C2C1,True,Sweet,0.7103272019705131
O=S(=O)(O)Nc1nc2c(Cl)cccc2s1,True,Bitter,0.9398012233600052
OCC1OC(O[C@]2(CO)OC(CCl)C(O)C2O)C(O)C(O)C1O,True,Sweet,0.9990190441387301
N#Cc1cccc(NS(=O)(=O)O)c1,True,Bitter,0.6407366919256385
OC[C@H]1O[C@H](O[C@@H]2[C@@H](CO)O[C@H](O)[C@H](O)[C@H]2O)[C@H](O)[C@@H](O)[C@@H]1O,True,Sweet,0.9982869514740993
CC(C)=CCC1C(=O)C(C(=O)CC(C)C)=C(O)[C@]1(O)C(=O)/C=C/C(C)(C)OO,True,Bitter,0.9980697690205842
OC[C@@H](O)C(O)[C@H](O)CO,True,Sweet,0.9953936714927012
O=S(=O)(O)Nc1ccc(F)cc1Cl,True,Sweet,0.8130444408488149
CC(NC(=O)C(N)CC(=O)O)C(=O)NC1C(C)(C)C(O)C1(C)C,True,Sweet,0.8609183169550088
N#Cc1ccc(N=C(NCC(=O)O)NCc2ccccc2)cc1,True,Sweet,0.9462912627540065
CC(C)=CCC1=C(O)C(O)(CC=C(C)C)C(=O)C(C(=O)CC(C)C)=C1O,True,Bitter,0.9995650302334431
Cc1cc(C)cc(N=C(NCC(=O)O)NC(C)c2ccccc2)c1,True,Sweet,0.8363183957085045
O=S(=O)(O)N(CCN1CCCCC1)S(=O)(=O)O,True,Bitter,0.9412923670108149
O=C1c2c(O)cc(O)cc2O[C@H](c2ccc(O)c(O)c2)[C@H]1O,True,Bitter,0.9937405011176301
C=C1CC23CCC4C(C)(C(=O)OC5OC(CO)C(O)C(O)C5OC5OC(CO)C(O)C(O)C5O)CCCC4(C)C2CCC1(OC1OC(CO)C(O)C(OC2OC(CO)C(O)C(O)C2O)C1OC1OCC(O)C(O)C1O)C3,True,Sweet,0.9458919800186385
CCC(C)C(=O)C1=C(O)[C@](O)(C(=O)/C=C/C(C)(C)O)C(CC=C(C)C)C1=O,True,Bitter,0.9980001364417155
N[C@H](Cc1cnc[nH]1)C(=O)O,True,Bitter,0.5226445241459303
C=C1C[C@]23CC[C@@H]4[C@@](C)(C(=O)O)CCC[C@@]4(C)[C@H]2CC[C@]1(O[C@@H]1OC(CO)C(O)C(O[C@H]2OC(CO)C(O)C(O)C2O)C1O[C@H]1OC(CO)C(O)C(O)C1O)C3,True,Sweet,0.970116431423707
O=C[C@H](O)[C@@H](O)[C@@H](O)[C@H](O)CO,True,Sweet,0.9968884011909416
OC[C@H]1O[C@H](O)[C@@H](O)[C@@H](O)[C@@H]1O,True,Sweet,0.997035271632859
O=C(O)CNC(=Nc1ccccc1)Nc1ccccc1,True,Sweet,0.8818670362539562
O=S(=O)(O)Nc1ccc(N(c2ccccc2)S(=O)(=O)O)cc1,True,Bitter,0.8382606448350773
O=S(=O)(O)Nc1ncc(Br)cc1Br,False,Bitter,0.7065742250209708
Cc1csc(NS(=O)(=O)O)n1,True,Bitter,0.9520451383265414
CCCc1csc(NS(=O)(=O)O)n1,True,Bitter,0.9208514452770197
CN(C(=Nc1ccc(C#N)cc1)NCC(=O)O)C1CCCCCCC1,True,Bitter,0.5374356793990887
N#Cc1ccc(N=C(NCC(=O)O)NC23CC4CC(CC(C4)C2)C3)cc1,True,Sweet,0.6834687066155957
CCCc1cccc(NS(=O)(=O)O)n1,True,Bitter,0.9201206747751456
CC1(C)C2CC[C@]3(C)[C@@H](C(=O)C=C4[C@H]5C[C@@](C)(C(=O)O)CC[C@]5(C)CC[C@]43C)[C@@]2(C)CC[C@@H]1O[C@@H]1O[C@H](C(=O)O)[C@@H](O)[C@H](O)[C@H]1O[C@@H]1O[C@H](C(=O)O)[C@H](O)[C@H](O)[C@H]1O,True,Sweet,0.9939882631574799
N#Cc1ccc(NC(=O)NC(CC(=O)O)c2cccc(O)c2)cc1,True,Bitter,0.966819274976618
N#Cc1ccc(N=C(NCC(=O)O)NC(c2ccccc2)c2ccccc2)cc1,True,Sweet,0.8448164831556668
C=C1C(=O)C23CC1CCC2C12COC3(O)C(O)C1C(C)(C)C=CC2=O,True,Bitter,0.996101337655025
OC[C@@H]1O[C@@H](O)[C@H](O)[C@@H](O)[C@@H]1O[C@H]1O[C@H](CO)[C@H](O)[C@H](O)[C@H]1O,True,Sweet,0.9982869514740993
CCOC(C)(C)CCc1c(O)cc(OC)c(C(=O)C=Cc2ccc(O)cc2)c1O,True,Bitter,0.9956802432477974
ON=CC1=CCOCC1,True,Bitter,0.9626750311043297
COc1cc(C)ccc1O,True,Bitter,0.7734067302579313
CC[C@@H](C)C(=O)O[C@@H](C)[C@]1(O)CC[C@]2(O)[C@@H]3CC[C@H]4C[C@@H](O[C@@H]5C[C@H](O)[C@H](O[C@H]6C[C@H](OC)[C@H](O[C@H]7C[C@@H](OC)[C@H](O[C@H]8C[C@@H](OC)[C@H](O[C@@H]9O[C@H](C)[C@@H](O[C@@H]%10O[C@H](CO)[C@@H](O)[C@H](O)[C@H]%10O)[C@H](OC)[C@H]9O)[C@@H](C)O8)[C@@H](C)O7)[C@@H](C)O6)[C@@H](C)O5)CC[C@]4(C)[C@H]3C[C@@H](OC(C)=O)[C@]12C,True,Sweet,0.7885160158781984
COc1cc(C=CC(=O)OC2OC(CO)C(O)C(O)C2O)cc(OC)c1O,True,Bitter,0.9926255351707238
CC(C)CCNS(=O)(=O)O,True,Bitter,0.6105525264018605
CCC(C)C(=O)C1=C(O)C(O)(C(=O)CC=C(C)C)C(CC=C(C)C)C1=O,True,Bitter,0.9990968832903224
CC(NC(=O)C(N)CC(=O)O)C(=O)NC1C(C)(C)CC1(C)C,True,Sweet,0.939856961915309
CCOS(=O)(=O)NCC(C)C,True,Sweet,0.6931044800216408
COC(=O)C(Cc1ccccc1)NC(=O)C(CC(=O)O)NC(=O)Nc1ccc(F)cc1,True,Sweet,0.9319049795342893
CC(C)=CCC1C(O)=C(C(=O)CC(C)C)C(=O)C1O,True,Bitter,0.9982351856818525
OCC1OC(CO)(OC2OC(CCl)C(O)C(O)C2O)C(O)C1O,True,Sweet,0.998943741355119
CCN(CC)CCN(S(=O)(=O)O)S(=O)(=O)O,True,Bitter,0.9898541521236915
CCC(C)C(=O)C1=C(O)C2(O)C(CC3C(C)(C)C(C(C)(C)O)CC32O)C1=O,True,Bitter,0.999580503148469
NC(=O)C[C@@H](N)C(=O)O,True,Sweet,0.9608335474236374
COc1cc(OC2OC(COC(=O)c3cc(O)c(O)c(O)c3)C(O)C(O)C2O)ccc1O,True,Bitter,0.9192009418062848
CCCc1ccccc1NS(=O)(=O)O,True,Bitter,0.649232095899678
CC(CCC1(O)OC2CC3C4CCC5CC(OC6(C)OC(C)(CO)C(C)(COCC7(C)OC(C)(CO)C(C)(O)C(C)(O)C7(C)OC7(C)OC(C)(CO)C(C)(O)C(C)(O)C7(C)O)C(C)(O)C6(C)O)CCC5(C)C4CCC3(C)C2C1C)COCC1(C)OC(C)(CO)C(C)(O)C(C)(O)C1(C)O,True,Bitter,0.9658508737120295
CC(NC(=O)C(N)CC(=O)O)C(=O)NC1CCCCC1,True,Sweet,0.9965396178419004
C=C1C(=O)C23C(O)C1CCC2C12COC3(O)C(O)C1C(C)(C)CCC2O,True,Bitter,0.9984177732120927
O=C(O)CCS(=O)(=O)c1ccccc1,True,Sweet,0.9058656819899715
CC1=CCSCC1,True,Sweet,0.8921507618785729
C=CC1C(OC2OC(COC(C)=O)C(OC(=O)c3cccc(OC4OC(CO)C(O)C(O)C4O)c3O)C(OC(C)=O)C2OC(=O)c2ccccc2)OC=C2C(=O)OCCC21,True,Bitter,0.9889826779927573
CCCOc1ccc(C#N)cc1N,True,Bitter,0.8263745180926847
CC[C@@H](C)[C@@H](N)C(=O)O,True,Sweet,0.6903553162931115
OC[C@H]1O[C@H](O[C@H]2O[C@H](CO)[C@@H](O)[C@H](O)[C@H]2O)[C@H](O)[C@@H](O)[C@@H]1O,True,Sweet,0.9976921762949287
COC(=O)C(Cc1ccccc1)NC(=O)C(N)CC(=O)O.N[C@@H](Cc1ccccc1)C(=O)O,True,Sweet,0.9838789472960281
OC[C@H]1OC(O[C@@H]2[C@@H](CO)O[C@H](O)[C@H](O)[C@H]2O)[C@H](O)[C@@H](O)[C@@H]1O,True,Sweet,0.9982869514740993
OCC1(O)OC[C@@H](O)[C@H](O)[C@@H]1O,True,Sweet,0.9962662932390778
CN(C)c1ccc(NS(=O)(=O)O)cc1,True,Bitter,0.6233474547608422
N#Cc1ccc(NC(=O)NC(CC(=O)O)c2ccc3OCOc3c2)cc1,True,Bitter,0.9596351043187821
CC1OC(OC2CCC3(C=O)C4CCC5(C)C(C6=CC(=O)OC6)CCC5(O)C4CCC3(O)C2)C(O)C(O)C1O,True,Bitter,0.992408207644755
CC(C)=CCC1C(=O)C(C(=O)C(C)C)=C(O)[C@]1(O)C(=O)/C=C/C(C)(C)O,True,Bitter,0.9970923488048815
O=Cc1ccc2CO[C@]3(C[C@H](O)[C@@H](CO)O3)Cn12,True,Bitter,0.994408963942228
CC(CC1CCCCC1)N(C)C(=O)C(N)CC(=O)O,True,Bitter,0.6517626651518924
CC1OC(OC2C(O)CC(OC3C(O)CC(OC4CCC5(C)C(CCC6C5CCC5(C)C(C7=CC(=O)OC7)CCC65O)C4)OC3C)OC2C)CC(O)C1O,True,Bitter,0.9703157910104312
C=CCSCC(C(=O)O)N1Cc2ccc(C=O)n2C(CSCC=C)C1=O,True,Bitter,0.9917276712798286
O=C(O)C=Cc1ccc(O)c(O)c1,True,Bitter,0.9353297010787918
CC(NC(=Nc1cc(F)cc(F)c1)NCC(=O)O)c1ccccc1,True,Bitter,0.6189521771598798
OCC1OC(OC2C(O)C(O)COC2(O)CO)C(O)C(O)C1O,True,Sweet,0.9977545665786869
CCOC(=O)C(Cc1ccccc1)NC(=O)C(N)CC(=O)O,True,Sweet,0.9938791179235575
Cc1cccc(C)c1NC(=O)C[N+](C)(C)CCCCCCCCCCCl,True,Bitter,0.9986995974169406
CC(NC(=Nc1ccc(C#N)cc1)NCC(=O)O)c1ccccc1,True,Sweet,0.9724663327198739
Cc1ccc(NS(=O)(=O)O)cc1F,True,Bitter,0.7137436089093401
CCC(C)C(=O)OC(C)C1(O)CCC2(O)C3CCC4CC(OC5CC(O)C(OC6CC(OC)C(OC7OC(C)C(OC8OC(CO)C(O)C(O)C8O)C(OC)C7O)C(C)O6)C(C)O5)CCC4(C)C3CC(OC(C)=O)C12C,True,Bitter,0.5963659102340303
OC1OC[C@@H](O)[C@H](O)[C@H]1O,True,Sweet,0.9967330651798012
COC(=O)C(Cc1ccccc1)NC(=O)C(CC(=O)O)NC(=O)Nc1ccc([N+](=O)[O-])cc1,True,Sweet,0.9663045750742101
CC(C)CC(NC(=O)C(N)CCC(N)=O)C(=O)NC(Cc1ccccc1)C(=O)NC(CC(N)=O)C(=O)N1CCCC1C(=O)NC(CO)C(=O)NC(C(=O)NC(CC(N)=O)C(=O)N1CCCC1C(=O)NC(Cc1c[nH]c2ccccc12)C(=O)NC(Cc1cnc[nH]1)C(=O)NC(CO)C(=O)N1CCCC1C(=O)O)C(C)O,True,Bitter,0.9968936797182251
O=C(O)CNC(=Nc1cc(Cl)cc(Cl)c1)Nc1cccc2ccccc12,True,Sweet,0.7835862103712452
COc1c(CC=C(C)C)c(O)c(CC=C(C)C)c(O)c1C(=O)C=Cc1ccc(O)cc1,True,Bitter,0.9976157722781496
CCC(C)C(=O)OC(C)C1(O)CCC2(O)C3CCC4CC(OC5CC(O)C(OC6CC(OC)C(OC7CC(OC)C(OC8OC(CO)C(O)C(O)C8O)C(C)O7)C(C)O6)C(C)O5)CCC4(C)C3CC(OC(C)=O)C12C,True,Sweet,0.5361782304936615
CCc1nnc(NS(=O)(=O)O)s1,False,Bitter,0.8305263576970363
C=C1C[C@@]23CCC4[C@@](C)(C(=O)OC5OC(CO)C(O)C(O)C5OC5OC(CO)C(O)C(O)C5O)CCC[C@@]4(C)C2CC[C@]1(OC1OC(CO)C(O)C(O)C1OC1OC(CO)C(O)C(O)C1O)C3,True,Sweet,0.9852122485903765
COC(C)C1=CC=C(C)CC1,True,Sweet,0.6908290145168703
COC(=O)C=Cc1ccc(O)cc1,True,Bitter,0.7689156899810287
NC(Cc1ccccc1)C(=O)NCC(=O)O,True,Sweet,0.8144421354815896
CC1C(=O)C2(C(=O)O)CC1CCC2C12CCC(=O)C(C)(C)C1C(=O)OC2,True,Bitter,0.9970507610603975
COC(=O)C(NC(=O)C(CC(=O)O)NC(=S)Nc1ccc(C#N)cc1)C(=O)OC1C2(C)CCC(C2)C1(C)C,True,Bitter,0.5821756622758434
CCCCOS(N)(=O)=O,True,Sweet,0.7517362699913592
CC1OC(OC2(CCl)OC(CCl)C(O)C2O)C(O)C(O)C1Cl,True,Sweet,0.9872557035864682
C=C1C(OC(C)=O)CCC(C)=CC2OC(=O)C(C)C2CC1OC(C)=O,True,Bitter,0.9943647990255781
C=CC(C#CC#CC(O)C=CCCCCCCC)OC(C)=O,True,Bitter,0.9265017947118059
CC(C)=CCC1C(=O)C(C(=O)C(C)C)=C(O)C1(O)C(=O)C=CC(C)(C)OO,True,Bitter,0.9979614149261082
O=S(=O)(O)NC1CSCSC1,True,Sweet,0.6597798909779686
CCOC(=O)/C=C\c1ccc(O)cc1,True,Bitter,0.8233815934539191
C=C1C(=O)OC2C3C(CO)=CC(=O)C3=C(C)CC(OC(=O)Cc3ccc(O)cc3)C12,True,Bitter,0.9980173189404253
CC1=CCC(C(C)C2CCC3(C)C4CCC5C(C)(C(=O)O)C(OC6OC(CO)C(O)C(O)C6OC6OC(C(=O)O)C(O)C(O)C6O)CCC56CC46CCC23C)OC1=O,True,Sweet,0.9497407305153867
O=S(=O)(O)Nc1cc(C(F)(F)F)nc(C(F)(F)F)c1,True,Bitter,0.9352987940993363
C=C1C(=O)OC2C1CCC(=C)C1CC(O)C(=C)C12,True,Bitter,0.9958478936565025
O=C(C=Cc1ccc(O)c(O)c1)Nc1ccc(O)cc1C(=O)O,True,Bitter,0.992815570331562
CC(=O)NC1C(O)OC(CO)C(O)C1O,True,Sweet,0.556020491130077
CCOC(=O)C(C)NC(=O)C(CC(=O)O)NC(=O)Nc1ccc([N+](=O)[O-])cc1,True,Sweet,0.9072899851111866
COC(=O)C(CS(C)(C)C)NC(=O)C(N)CC(=O)O,True,Sweet,0.9499840420412919
CC(NC(=Nc1ccc2CCCc2c1)NCC(=O)O)c1ccccc1,True,Sweet,0.8541226406389377
COc1cc(C=CC(=O)O)cc(OC)c1O,True,Bitter,0.8738172716591599
CC1CCC(C(=O)O)(S(=O)(=O)c2ccccc2)CC1C,True,Bitter,0.9860982663486686
CC(=O)C1CC=C(C=NO)CC1,True,Bitter,0.9361560845519474
CC1(C)C(OC2OC(C(=O)O)C(O)C(O)C2OC2OC(C(=O)O)C(O)C(O)C2O)CC[C@@]2(C)C1CC[C@]1(C)C2C(=O)C=C2C3C[C@@](C)(C(=O)O)CC[C@]3(C)CC[C@]21C,True,Sweet,0.9939882631574799
CCC(C)C1=C2C(=O)C3CC(C(C)(C)O)C4(O)CC(C(C)(C)O1)C2(O)C34O,True,Bitter,0.9986602299711507
N#Cc1ccc(N=C(NCC(=O)O)NC2CCCCCC2)cc1,True,Sweet,0.9376113579853473
ON=CC1=CCCC1,True,Bitter,0.8058584927997093
COc1ccc(NC(N)=O)cc1,True,Sweet,0.7773969521584393
OCC1OC(OCC2OC(OCC3OC(O[C@]4(CO)OC(CO)C(O)C4O)C(O)C(O)C3O)C(O)C(O)C2O)C(O)C(O)C1O,True,Sweet,0.9798496181151819
COC(=O)C(NC(=O)C(N)CC(=O)O)C(=O)OC1CCCCC1C,True,Sweet,0.9970401545906387
N[C@H](Cc1ccccc1)C(=O)O,True,Sweet,0.8249506832056932
C=C1CC23CCC4C(C)(C(=O)OC5OC(CO)C(O)C(O)C5O)CCCC4(C)C2CCC1(OC1OC(CO)C(O)C(OC2OC(CO)C(O)C(O)C2O)C1OC1OC(COC2OC(CO)C(O)C(O)C2O)C(O)C(O)C1O)C3,True,Sweet,0.9668098911333283
O=c1c(OC2CC(CO)C(O)C(O)C2O)c(-c2ccc(O)c(O)c2)oc2cc(O)cc(O)c12,True,Bitter,0.9972423048417018
COc1cc2c3cc1Oc1c(OC)c(OC)cc4c1C(Cc1ccc(cc1)Oc1cc(ccc1O)CC3N(C)CC2)N(C)CC4,True,Bitter,0.998390338474031
N#Cc1ccc(N=C(NCC(=O)O)NCC2CCCCC2)cc1,True,Sweet,0.8446959037406678
OCC1OC(OC2(CCl)OC(CCl)C(I)C2O)C(O)C(O)C1Cl,True,Sweet,0.9707396358571327
CC(NC(=O)C(N)CC(=O)O)C(=O)NC1C(C)(C)SC1(C)C,True,Sweet,0.9793525530885918
Cc1nc(NS(=O)(=O)O)ccc1Br,True,Bitter,0.8262949188790533
COC(=O)C(CC1CCCCC1)NC(=O)C(CC(=O)O)NC(=O)Nc1ccc([N+](=O)[O-])cc1,True,Sweet,0.9477079600016136
Cc1nnc(NS(=O)(=O)O)s1,False,Bitter,0.8107739023838911
CC(=O)OCC1OC(Oc2cc(O)c3c(=O)c(-c4ccc(O)cc4)coc3c2)C(O)C(O)C1O,True,Bitter,0.9713643752300878
C=C1C(=O)OC2C3C(COC(=O)C(=O)O)=CC(=O)C3=C(C)CC(OC(=O)Cc3ccc(O)cc3)C12,True,Bitter,0.9762145757722729
CCC(C)C(=O)OC(C)C1(O)CCC2(O)C3CCC4CC(OC5CC(OC)C(OC6CC(OC)C(OC7OC(C)C(OC8OC(CO)C(O)C(O)C8O)C(OC)C7O)C(C)O6)C(C)O5)CCC4(C)C3CC(OC(C)=O)C12C,True,Sweet,0.5709257815805757
O=S(=O)(O)Nc1cccc(NS(=O)(=O)O)c1,True,Bitter,0.9303171509965162
N#Cc1ncc(Br)cn1,False,Bitter,0.9938004574323498
OCC1OC(OC2C(O)OC(CO)C(OC3OC(CO)C(O)C(O)C3O)C2O)C(O)C(O)C1O,True,Sweet,0.9953424859083679
COC(=O)C(NC(=O)C(N)CC(=O)O)C(=O)OC1CC2CCC1(C)C2(C)C,True,Sweet,0.9939276061264488
O=Cc1ccc2CO[C@]3(C[C@H](O)[C@H](O)CO3)Cn12,True,Bitter,0.9945777690771045
CC1CCC(C(C)C)C(=O)C1,True,Bitter,0.8467993080390281
CC(C)[C@@H]1NC(=O)[C@@H](Cc2ccccc2)NC1=O,True,Bitter,0.9958910971524289
O=S(=O)(O)N(c1cccc2ccccc12)S(=O)(=O)O,True,Bitter,0.9862387666219479
CC[N+](C)(CC(=O)Nc1c(C)cccc1C)Cc1ccc(Cl)cc1,True,Bitter,0.9989824807160368
N[C@@H](CO)C(=O)O,True,Sweet,0.9806992659331937
CC1CC2OC(=O)C3(C)CCCC(C)(C23)C1(O)CCc1cocc1,True,Bitter,0.9951286987603469
Cc1cc(NS(=O)(=O)O)ccc1Br,True,Bitter,0.6897939734103415
C=C(C)C1CC=C(C)CC1,True,Sweet,0.9382040670864238
Cc1cccc(C)c1NC(=O)C[N+](C)(C)CCCCCCCl,True,Bitter,0.9978729275669455
N#Cc1ccc(NC(=O)NC(CC(=O)O)c2cccnc2)cc1,True,Bitter,0.9845973999369537
CCC(C)C(C(=O)O)S(=O)(=O)c1ccccc1,True,Bitter,0.5870845481715059
CC1(C)C(O[C@@H]2OC(C(=O)O)C(O)C(O)C2O[C@@H]2OC(C(=O)O)C(O)C(O)C2O)CC[C@@]2(C)[C@H]1CC[C@@]1(C)[C@@H]2C(=O)C=C2[C@@H]3C[C@@](C)(C(=O)O)CC[C@@]3(C)CC[C@@]21C,True,Sweet,0.9939882631574799
CC(O)c1cccc(NS(=O)(=O)O)c1,True,Bitter,0.5437632212572436
Cc1cccc(NS(=O)(=O)O)c1,True,Bitter,0.7401544379605056
Cc1cc(N=C(NCC(=O)O)NC(C)c2ccccc2)cc(C)c1C#N,True,Sweet,0.6676038287009082
O=S(=O)(O)NC1CCCSCC1,True,Sweet,0.6286195994922387
O=C1CC(c2ccccc2)Oc2cc(O)cc(O)c12,True,Bitter,0.9956864979624378
Cc1c(C)sc(NS(=O)(=O)O)n1,True,Bitter,0.8535662922336895
Cc1cccc(C)c1NC(=O)C[N+](C)(C)CCBr,True,Bitter,0.9963630634476933
Oc1cc(O)c2c(c1)OC(c1ccc(O)c(O)c1)C(O)C2c1c(O)cc(O)c2c1OC(c1ccc(O)c(O)c1)C(O)C2,True,Bitter,0.98584711218371
CCC(C)C(=O)OC(C)C1(O)CCC2(O)C3CCC4CC(OC5CC(O)C(OC6CC(OC)C(OC7CC(OC)C(OC8CC(OC)C(OC9OC(CO)C(OC%10OC(CO)C(O)C(O)C%10O)C(O)C9O)C(C)O8)C(C)O7)C(C)O6)C(C)O5)CCC4(C)C3CC(OC(C)=O)C12C,True,Sweet,0.738202019906194
O=C1NCC(=O)N2CCCC12,True,Bitter,0.9678344576627742
CC(NC(=O)C(N)CC(=O)O)C(O)c1ccccc1,True,Sweet,0.9928175427922075
N#Cc1ccc(NC(=O)NC(CC(=O)O)c2ccc(O)cc2)cc1,True,Bitter,0.9906641078217433
CC12CCC3C(CCC4CC(O)CCC43C)C1CCC2=O,True,Bitter,0.9798064265547759
N#Cc1ccc(N=C(NCC(=O)O)Nc2ccc(CO)c(CO)c2)cc1,True,Sweet,0.6966394227621643
COCCC=C(C)C=NO,True,Bitter,0.9843084537558688
CC(CCC1(O)OC2CC3C4CC=C5CC(OC6OC(CO)C(OC7OC(C)C(O)C(O)C7O)C(O)C6OC6OC(C)C(O)C(O)C6O)CCC5(C)C4CCC3(C)C2C1C)COC1OC(CO)C(O)C(O)C1O,True,Bitter,0.9808708819739995
CC1=C(C)CC(C(=O)O)(S(=O)(=O)c2ccccc2)C(C)C1,True,Bitter,0.9902538054413095
COC(=O)C(NC(=O)C(CC(=O)O)NC(=O)Nc1ccc(C#N)cc1)C(=O)OC1C2(C)CCC(C2)C1(C)C,True,Sweet,0.5267212080956662
O=c1nc[nH]c2c1ncn2C1OC(CO)C(O)C1O,True,Bitter,0.9981653114789093
N#Cc1ccc(N=C(NCC(=O)O)Nc2ccccc2)cc1,True,Sweet,0.9515928789731845
CC(NC(=O)C(N)CC(=O)O)C(=O)NC(C)(C(C)(C)C)C(C)(C)C,True,Sweet,0.8746080005240429
CC1(C)C2CC[C@]3(C)[C@H](C(=O)C=C4[C@@H]5C[C@@](C)(C(=O)O)CC[C@]5(C)CC[C@]43C)[C@@]2(C)CC[C@@H]1O[C@H]1O[C@H](C(=O)O)[C@@H](O)[C@H](O)[C@H]1O[C@@H]1O[C@H](C(=O)O)[C@@H](O)[C@H](O)[C@H]1O,True,Sweet,0.9939882631574799
C[C@@H]1O[C@@H](O)[C@H](O)[C@H](O)[C@H]1O,True,Sweet,0.9886845555821993
CC1NC(=O)C2CCCN2C1=O,True,Bitter,0.9879804279922088
CCCNS(=O)(=O)O,True,Sweet,0.5948093906357141
CC1(C)CCC2(C(=O)O)CCC3(C)C(=CCC4C5(C)CCC(OC6OC(C(=O)O)C(O)C(OC7OCC(O)C(O)C7O)C6O)C(C)(C)C5CCC43C)C2C1,True,Bitter,0.8607004771687925
CC1CCC2C(C)C3C(CC4C5CC=C6CC(O)CCC6(C)C5CCC43C)N2C1,True,Bitter,0.998324684571712
Cc1cccc(C)c1NC(=O)C[N+](C)(C)CCCCCCCCCl,True,Bitter,0.9985701097804255
CC(C)=CCC(=O)C1(O)C(O)=C(C(=O)C(C)C)C(=O)C1CC=C(C)C,True,Bitter,0.9992928723182803
O=C(O)CNC(=Nc1ccccc1)NC1CCCCC1,True,Sweet,0.893344887496532
CC(C)CC(NC(=O)C(N)Cc1ccccc1)C(=O)O,True,Bitter,0.8504284172301676
CC1CCC2(NC1)OC1CC3C4CCC5CC(OC6OC(CO)C(OC7OC(CO)C(O)C(OC8OCC(O)C(O)C8O)C7OC7OC(CO)C(O)C(O)C7O)C(O)C6O)CCC5(C)C4CCC3(C)C1C2C,True,Bitter,0.9951151278679982
COC(C)C1CCC=C(C=NO)C1,True,Bitter,0.9915285392042842
OC[C@H]1OC(OC[C@H]2O[C@H](O)[C@H](O)[C@@H](O)[C@@H]2O)[C@H](O)[C@@H](O)[C@@H]1O,True,Sweet,0.990248671310473
OC[C@]1(O)OCC(O)C(O)C1O,True,Sweet,0.9962662932390778
N[C@H](C[C@@](O)(Cc1c[nH]c2ccccc12)C(=O)O)C(=O)O,True,Bitter,0.8275847191500595
C=C1CC23CCC4C(C)(C(=O)OC5OC(CO)C(O)C(O)C5O)CCCC4(C)C2CCC1(OC1OC(CO)C(O)C(OC2OC(CO)C(O)C(O)C2O)C1OC1OC(C)C(O)C(OC2OC(CO)C(O)C(O)C2O)C1O)C3,True,Sweet,0.9901189755091186
CCC1(c2ccccc2)C(=O)NC(=O)NC1=O,True,Bitter,0.9882005603902615
Cc1cccc(C)c1NC(=O)C[N+](C)(C)Cc1ccc(Cl)cc1,True,Bitter,0.9994202470600853
Cc1cc(Br)ccc1NS(=O)(=O)O,True,Sweet,0.5684365532640039
CC(NC(=Nc1cnc2cn[nH]c2c1)NCC(=O)O)c1ccccc1,True,Sweet,0.6284273747441597
O=C(C1CCCCC1)N1CC(=O)N2CCc3ccccc3C2C1,True,Bitter,0.9985658003867639
COc1cc(C2CC(=O)c3c(O)cc(O)cc3O2)ccc1O,True,Bitter,0.8965314781977745
O=C(C=Cc1ccc(O)cc1)Nc1ccccc1C(=O)O,True,Bitter,0.9952539592249313
CC(C)=CCC12CC3C(CC(C(C)C)C3(C)C)(C(=O)C(C(=O)CC(C)C)=C1O)C2=O,True,Bitter,0.9996163896109599
CCCCCC=CCC=CCCCCCCCC(=O)OCC(O)CO,True,Bitter,0.9969047675904161
CC1(C)C(OC2OC(C(=O)O)C(O)C(O)C2OC2OC(C(=O)O)C(O)C(O)C2O)CC[C@@]2(C)C1CC[C@]1(C)[C@H]2C(=O)C=C2[C@H]3C[C@@](C)(C(=O)O)CC[C@]3(C)CC[C@]21C,True,Sweet,0.9939882631574799
COc1ccc(NS(=O)(=O)O)c(C)c1,True,Sweet,0.7654711902003755
O=C(CCc1ccc(O)c(O)c1)c1c(O)cc(OC2OC(CO)C(O)C(O)C2O)cc1O,True,Sweet,0.7238133084198126
O=S(=O)(O)Nc1cc(F)cc(F)c1,True,Bitter,0.7957562774107341
CCCCCC(=O)NC1CCOC1=O,True,Bitter,0.9270626504294281
CC(NC(=O)C(N)C(C)C)C(=O)O,True,Sweet,0.8530767351953353
C=C1C(=O)OC2CC(C)(CCCC(C)=O)C(=O)CC12,True,Bitter,0.9094731699212115
CCCCCC=CCCCCCCCC(=O)CC(O)COC(C)=O,True,Bitter,0.9972324602240981
COC(C)C1CC=C(C)CC1,True,Sweet,0.6520628257947898
CC(C)C(C(=O)O)S(=O)(=O)c1ccccc1,True,Bitter,0.6406304141548783
COc1ccc(C(CC(=O)O)NC(=O)Nc2ccc(C#N)cc2)cc1,True,Bitter,0.8862000477498749
CC1=C2C3=CC[C@@H]4[C@@]5(C)C[C@@H](O)[C@@H](O)C(C)(C)[C@@H]5CC[C@@]4(C)[C@]3(C)CC[C@@]2(C(=O)O[C@@H]2O[C@H](CO)[C@@H](O)[C@H](O)[C@H]2O)CC[C@H]1C,True,Sweet,0.9887635884851782
N#Cc1ccc(NC(=S)NC(CC(=O)O)c2ccccc2)cc1,True,Bitter,0.8750240617341956
N[C@@H](C[C@](O)(Cc1c[nH]c2ccccc12)C(=O)O)C(=O)O,True,Bitter,0.8275847191500595
CC(C=CC=C(C)C=CC1=C(C)CCCC1(C)C)=CC=CC=C(C)C=CC=C(C)C=CC1=C(C)CCCC1(C)C,True,Bitter,0.7790213734956236
N#Cc1ccc(N=C(NCC(=O)O)NC2CCCCCCCC2)cn1,True,Sweet,0.9377886112351763
CCC(C)(CC)NC(=O)C(C)NC(=O)C(N)CC(=O)O,True,Sweet,0.9850874272501216
CC1=C2C3OC(=O)C(C)C3CCC2(C)C(O)CC1,True,Bitter,0.993536309957199
CC(C)Oc1ccc(CCC(=O)c2c(O)cc(OC3OC(CO)C(O)C(O)C3OC3OC(C)C(O)C(O)C3O)cc2O)cc1O,True,Sweet,0.5215480434432459
CC(O)CO,True,Sweet,0.7144912185563201
CC(C)=CCC1C(=O)C(C(=O)CC(C)C)=C(O)[C@]1(O)C(=O)/C=C/C(C)C,True,Bitter,0.9985292350822793
CCOC(=O)C(NC(=O)C(CC(=O)O)NC(=O)Nc1ccc([N+](=O)[O-])cc1)C(=O)OCC,True,Sweet,0.8090567494290595
C=C(C)C1CC23C(=O)C(C(=O)CC(C)C)=C(O)C(CC=C(C)C)(CC2C1(C)C)C3=O,True,Bitter,0.999668034218746
COC(=O)C(NC(=O)C(CC(=O)O)NC(=O)Nc1ccc(C#N)cc1)c1ccccc1,True,Sweet,0.8278652351355407
CC(C)c1ccc(NS(=O)(=O)O)c(Br)c1,True,Bitter,0.7026862322585685
COCC(NC(=Nc1ccc(C#N)cc1)NCC(=O)O)c1ccccc1,True,Sweet,0.783277299207406
CCOC(CN(S(=O)(=O)O)S(=O)(=O)O)OCC,True,Bitter,0.6457487049567707
